resident,-31.226153312521678
1,-23.45230662504336
facility,-13.807492195629553
state,-13.003815469996532
's,-12.619840443981964
patient,-10.480749219562956
indicate,-8.425945195976414
2,-6.662851196670135
care,-6.446756850502949
staff,-6.2715920915712795
date,-6.166493236212279
review,-5.825528962885882
client,-5.7051682275407565
interview,-5.234131113423517
cna,-4.680887963926465
p.m.,-4.47797433229275
report,-4.050294831772459
nurse,-3.5452653485952133
include,-3.5147415886229623
transfer,-3.4491848768643774
record,-3.404092958723552
a.m.,-3.379812695109261
abuse,-3.3544918487686437
fall,-3.3315990287894555
physician,-3.0922650017343045
right,-3.031564342698578
note,-2.9947970863683664
3,-2.9906347554630592
plan,-2.913284772806105
policy,-2.8962885882761014
nursing,-2.8820672910163023
room,-2.793617759278529
fail,-2.7436697884148455
bed,-2.728754769337496
day,-2.6916406520985086
order,-2.5896635449184875
provide,-2.5619146722164414
result,-2.3968088796392646
time,-2.387443635102324
pain,-2.380159556018037
medication,-2.280610475199445
incident,-2.236559139784946
assessment,-2.210197710718002
ensure,-2.120707596253902
4,-2.0468262226847034
physical,-2.0416233090530698
lvn,-1.973638570933056
need,-1.9490114464099897
document,-1.9223031564342699
procedure,-1.918140825528963
health,-1.9153659382587582
receive,-1.8879639264654873
shall,-1.8782518210197712
discharge,-1.8397502601456817
blood,-1.822060353798127
service,-1.816163718348942
hour,-1.766562608394034
pressure,-1.760665972944849
ask,-1.6947624002774888
require,-1.6826222684703434
b,-1.6625043357613596
5,-1.6625043357613596
follow,-1.6108220603537982
don,-1.5938258758237946
risk,-1.5931321540062435
care_plan,-1.5560180367672563
rn,-1.5411030176899063
treatment,-1.5248005549774541
hospital,-1.511619840443982
failure,-1.4779743322927505
change,-1.4634061741241762
title,-1.4599375650364204
safety,-1.4509191814082554
department,-1.4491848768643774
leave,-1.4408602150537635
admit,-1.413805064169268
skin,-1.4110301768990634
administrator,-1.3992369060006937
account,-1.3961151578217135
use,-1.3614290669441553
prevent,-1.3461671869580298
left,-1.3281304197016996
policy_procedure,-1.2594519597641345
tell,-1.2486992715920915
diagnosis,-1.2473118279569892
notify,-1.2407214706902532
wheelchair,-1.227540756156781
6,-1.2230315643426986
assistance,-1.2171349288935136
injury,-1.216788067984738
licensed,-1.2091571279916753
10,-1.1932015261879987
md,-1.1762053416579952
check,-1.1657995143947277
conduct,-1.1560874089490114
behavior,-1.1491501907734998
condition,-1.1418661116892126
violation,-1.1383975026014568
family,-1.1255636489767604
place,-1.1196670135275755
clinical,-1.1127297953520638
acute,-1.1109954908081858
member,-1.0881026708289976
pm,-1.064516129032258
write,-1.0589663544918488
mental,-1.0575789108567464
area,-1.0561914672216441
medical,-1.0478668054110303
director,-1.0457856399583767
direct,-1.0374609781477628
ln,-1.0267082899757198
person,-1.0228928199791882
give,-1.0225459590704127
7,-1.0110995490808186
investigation,-1.0062434963579605
find,-0.9972251127297953
call,-0.9934096427332639
daily,-0.986819285466528
intervention,-0.986819285466528
documentation,-0.9847381200138744
dcs,-0.9833506763787722
admission,-0.9826569545612209
supervision,-0.9781477627471384
go,-0.9653139091224419
trust,-0.9531737773152965
mg,-0.9507457509538675
9,-0.9479708636836629
high,-0.9455428373222338
show,-0.9448491155046826
implement,-0.9445022545959071
wound,-0.9417273673257024
8,-0.9396462018730489
accord,-0.9389524800554977
sign,-0.9323621227887617
observe,-0.9316684009712105
say,-0.9209157127991675
2015,-0.920568851890392
monitor,-0.9112036073534513
assess,-0.9108567464446757
know,-0.9066944155393687
free,-0.890738813735692
level,-0.8886576482830385
shift,-0.886576482830385
death,-0.8844953173777316
emergency,-0.8803329864724245
clinical_record,-0.8779049601109955
24,-0.871661463753035
activity,-0.8678459937565036
fracture,-0.8678459937565036
allegation,-0.8626430801248699
12,-0.84772806104752
c,-0.8463406174124176
2014,-0.8449531737773153
take,-0.8439125910509886
employee,-0.8425251474158862
11,-0.8373222337842525
floor,-0.836975372875477
section,-0.8362816510579257
low,-0.8175511619840444
develop,-0.8161637183489421
progress,-0.8140825528962886
harm,-0.8120013874436351
2013,-0.7974332292750607
accident,-0.7943114810960805
notice,-0.7922303156434269
2011,-0.766562608394034
assist,-0.7655220256677072
observation,-0.7634408602150538
ulcer,-0.7630939993062782
2012,-0.7571973638570934
2016,-0.7561567811307666
hand,-0.7554630593132154
body,-0.7460978147762747
able,-0.7429760665972945
assistant,-0.7422823447797433
visit,-0.7398543184183143
1?s,-0.7363857093305585
inform,-0.7297953520638224
identify,-0.7266736038848421
work,-0.7252861602497399
head,-0.7238987166146376
immediately,-0.7225112729795352
note_date,-0.7200832466181062
form,-0.719389524800555
october,-0.7162677766215747
history,-0.7155740548040236
30,-0.715227193895248
fail_ensure,-0.7134928893513701
infection,-0.7103711411723899
leg,-0.704474505723205
cause,-0.7034339229968782
2017,-0.7013527575442248
long,-0.697884148456469
come,-0.6968435657301422
diagnosis_include,-0.6933749566423864
program,-0.6840097121054457
not,-0.682969129379119
15,-0.6815816857440167
see,-0.674644467568505
maintain,-0.6736038848421783
gach,-0.6722164412070759
set,-0.670482136663198
telephone,-0.6701352757544224
prior,-0.6684009712105445
face,-0.6652792230315644
alarm,-0.6607700312174818
2010,-0.6604231703087062
security,-0.6555671175858481
august,-0.6552202566770725
disease,-0.653139091224419
investigate,-0.6486298994103364
march,-0.644120707596254
walk,-0.6430801248699272
device,-0.6396115157821713
unit,-0.6396115157821713
resident?s,-0.63579604578564
status,-0.6337148803329865
disorder,-0.6302462712452307
problem,-0.6288588276101283
help,-0.6257370794311481
control,-0.6257370794311481
return,-0.6243496357960457
relationship,-0.6201873048907388
continue,-0.6198404439819633
loss,-0.6187998612556365
september,-0.6184530003468609
hit,-0.6146375303503295
arm,-0.6146375303503295
x,-0.6118626430801248
hold,-0.6108220603537982
14,-0.6104751994450226
progress_note,-0.6094346167186958
minimum,-0.6087408949011447
neglect,-0.6070065903572668
evidence,-0.60596600763094
reveal,-0.6045785639958376
individual,-0.6014568158168574
present,-0.5990287894554284
base,-0.5972944849115505
term,-0.5900104058272633
hip,-0.5889698231009365
june,-0.5879292403746098
lift,-0.5834200485605272
food,-0.5823794658342005
administer,-0.5809920221990982
datum,-0.5806451612903226
ad,-0.578563995837669
july,-0.5757891085674645
necessary,-0.5757891085674645
oxygen,-0.5747485258411377
april,-0.5744016649323621
cm,-0.5740548040235866
door,-0.5716267776621575
snf,-0.5691987513007284
january,-0.565383281304197
unable,-0.5646895594866459
tube,-0.5622615331252168
year,-0.5619146722164412
home,-0.5567117585848075
december,-0.5563648976760319
o,-0.5535900104058272
evaluation,-0.5532431494970517
information,-0.552202566770725
foot,-0.5515088449531738
attempt,-0.5494276795005203
facility?s,-0.5473465140478668
sheet,-0.5473465140478668
fund,-0.5469996531390913
20,-0.5469996531390913
facility_fail_ensure,-0.5456122095039889
verbal,-0.5442247658688866
immediate,-0.5435310440513355
want,-0.5414498785986819
minute,-0.5407561567811308
complete,-0.5404092958723552
sustain,-0.5383281304197017
new,-0.5379812695109261
increase,-0.537287547693375
fluid,-0.5317377731529657
occur,-0.5313909122441901
family_member,-0.5313909122441901
severe,-0.5310440513354145
trust_account,-0.5306971904266389
weight,-0.5272285813388831
complaint,-0.5237599722511272
chair,-0.5227193895248006
treat,-0.5216788067984738
restraint,-0.5192507804370448
request,-0.5185570586194936
potential,-0.5178633368019424
possible,-0.5147415886229622
social,-0.5133541449878599
determine,-0.5133541449878599
measure,-0.511619840443982
report_incident,-0.5084980922650018
13,-0.507457509538675
february,-0.5071106486298994
sit,-0.5053763440860215
approximately,-0.5050294831772459
health_safety,-0.5039889004509192
adequate,-0.5019077349982657
following,-0.5015608740894901
responsible,-0.4987859868192855
transfer_discharge,-0.49739854318418314
sore,-0.49497051682275406
old,-0.49358307318765177
tool,-0.49254249046132503
d,-0.4921956295525494
get,-0.4904613250086715
system,-0.48976760319112034
licensed_nurse,-0.4890738813735692
month,-0.48838015955601805
pressure_ulcer,-0.4869927159209157
ssd,-0.48491155046826223
start,-0.47936177592785295
symptom,-0.47936177592785295
have,-0.47901491501907734
remove,-0.4786680541103018
code,-0.47728061047519943
open,-0.47589316684009714
decision,-0.4748525841137704
shower,-0.4731182795698925
night,-0.4703433922996878
bone,-0.46756850502948316
meet,-0.46583420048560525
money,-0.46583420048560525
appropriate,-0.46340617412417623
16,-0.4616718695802983
22,-0.4595907041276448
statement,-0.45855012140131807
minimum_datum,-0.456122095039889
relate,-0.4543877904960111
heart,-0.45369406867845996
accordance,-0.45334720776968435
adm,-0.45265348595213317
acute_care,-0.45195976413458205
feel,-0.45161290322580644
november,-0.4471037114117239
personal,-0.44432882414151925
aware,-0.44432882414151925
unannounced,-0.4439819632327437
prevention,-0.4432882414151925
hear,-0.4429413805064169
try,-0.44259451959764134
public,-0.4398196323274367
comprehensive,-0.4356573014221297
reason,-0.43531044051335416
regulation,-0.4342698577870274
water,-0.4325355532431495
and/or,-0.4287200832466181
dementia,-0.4273326396115158
bathroom,-0.4269857787027402
17,-0.4252514741588623
normal,-0.42386403052376
alleged,-0.42282344779743325
therapy,-0.42247658688865763
management,-0.4221297259798821
24_hour,-0.42074228234477973
involve,-0.42004856052722855
initiate,-0.4179673950745751
general,-0.4179673950745751
remain,-0.41762053416579953
confirm,-0.41762053416579953
administration,-0.4172736732570239
environment,-0.4138050641692681
week,-0.41345820326049254
send,-0.413111342351717
because,-0.4124176205341658
tissue,-0.4120707596253902
brain,-0.41172389871661463
address,-0.4106833159902879
post,-0.41033645508151234
contact,-0.40964273326396117
staff_member,-0.40756156781130765
law,-0.40756156781130765
non,-0.4065209850849809
pt,-0.4065209850849809
total,-0.40617412417620535
protect,-0.4051335414498786
understand,-0.40443981963232745
physician_order,-0.40270551508844954
apply,-0.4013180714533472
alert,-0.39854318418314255
charge,-0.39854318418314255
complain,-0.3975026014568158
obtain,-0.39542143600416235
california,-0.39368713146028445
sugar,-0.3916059660076309
telephone_interview,-0.389871661463753
refuse,-0.38605619146722164
ability,-0.3857093305584461
21,-0.3850156087408949
perform,-0.3846687478321193
available,-0.38362816510579256
turn,-0.3829344432882414
mobility,-0.3829344432882414
skilled,-0.3815469996531391
be,-0.3808532778355879
ray,-0.38050641692681236
$,-0.37911897329171
representative,-0.37842525147415884
light,-0.3780783905653833
suspect,-0.3777315296566077
eat,-0.3759972251127298
bruise,-0.37530350329517864
drug,-0.37530350329517864
safe,-0.37460978147762747
supervisor,-0.3701005896635449
license,-0.3687131460284426
idt,-0.36697884148456467
range,-0.3655913978494624
close,-0.36524453694068676
balance,-0.3648976760319112
cognitive,-0.36385709330558447
stand,-0.3631633714880333
interview_conduct,-0.36038848421782865
certify,-0.3600416233090531
position,-0.35865417967395075
like,-0.35865417967395075
dressing,-0.357613596947624
disability,-0.3572667360388484
sexual,-0.35622615331252167
life,-0.35622615331252167
respiratory,-0.35622615331252167
temperature,-0.3548387096774194
hazard,-0.35449184876864376
stage,-0.353451266042317
concurrent,-0.353451266042317
toilet,-0.35310440513354147
memory,-0.35310440513354147
a.,-0.35275754422476585
summary,-0.3524106833159903
agency,-0.35206382240721473
team,-0.35137010058966356
director_nursing,-0.35137010058966356
mouth,-0.34963579604578565
revise,-0.3485952133194589
morning,-0.346860908775581
f,-0.3465140478668054
documented,-0.34408602150537637
violation_direct,-0.34027055150884494
happen,-0.3392299687825182
support,-0.3357613596947624
upper,-0.33541449878598684
18,-0.3350676378772112
function,-0.33472077696843566
o_ad,-0.3343739160596601
undated,-0.3340270551508845
limited,-0.33298647242455776
look,-0.3326396115157822
arrive,-0.3298647242455775
long_term,-0.3284772806104752
second,-0.32778355879292403
set_md,-0.32778355879292403
x_ray,-0.32778355879292403
living,-0.32708983697537286
describe,-0.3260492542490461
score,-0.3260492542490461
self,-0.3260492542490461
outside,-0.3260492542490461
multiple,-0.32570239334027057
patient?s,-0.32292750607006593
mar,-0.3225806451612903
office,-0.3198057578910857
skilled_nursing,-0.3191120360735345
professional,-0.31876517516475894
25,-0.31807145334720777
station,-0.3177245924384322
think,-0.31703087062088103
19,-0.3166840097121054
meal,-0.31633714880332986
unannounced_visit,-0.31633714880332986
dependent,-0.3159902878945543
e,-0.3156434269857787
pressure_sore,-0.3156434269857787
later,-0.3142559833506764
anxiety,-0.3135622615331252
vocational,-0.31321540062434966
speak,-0.31217481789802287
attend,-0.31148109608047175
stay,-0.3107873742629206
property,-0.31044051335414496
eye,-0.3100936524453694
muscle,-0.30939993062781823
training,-0.30939993062781823
danger,-0.30870620881026706
extensive,-0.30697190426638915
dsd,-0.30558446063128686
rail,-0.30385015608740895
urine,-0.3028095733610822
fm,-0.3007284079084287
knee,-0.3007284079084287
move,-0.30038154699965314
monitoring,-0.3000346860908776
mistreatment,-0.3000346860908776
witness,-0.3000346860908776
blood_pressure,-0.29968782518210196
significant,-0.2993409642733264
female,-0.29864724245577523
change_condition,-0.29830038154699967
policy_procedure_title,-0.29795352063822406
intake,-0.2976066597294485
test,-0.2972597988206729
social_service,-0.2969129379118973
impair,-0.29483177245924386
abuse_neglect,-0.2937911897329171
misappropriation,-0.2934443288241415
quality,-0.29309746791536595
away,-0.29275060700659034
urinary,-0.2920568851890392
lie,-0.29101630246271243
respond,-0.29101630246271243
contain,-0.2899757197363857
episode,-0.28962885882761014
23,-0.2892819979188345
interdisciplinary,-0.2882414151925078
action,-0.28789455428373223
phone,-0.28546652792230315
difficulty,-0.2851196670135276
list,-0.284772806104752
number,-0.2833853624696497
28,-0.28303850156087407
qidp,-0.2826916406520985
movement,-0.2826916406520985
practice,-0.28234477974332295
approach,-0.28199791883454733
initial,-0.2809573361082206
charge_nurse,-0.27991675338189387
29,-0.2792230315643427
evaluate,-0.27887617065556713
medical_record,-0.2785293097467915
dining,-0.2785293097467915
documented_evidence,-0.27818244883801596
certify_nursing,-0.2774887270204648
process,-0.27714186611168923
decrease,-0.27644814429413805
degree,-0.27644814429413805
bowel,-0.2757544224765869
yell,-0.2754075615678113
police,-0.2750607006590357
goal,-0.2750607006590357
type,-0.2750607006590357
fall_risk,-0.27471383975026015
assistant_cna,-0.2743669788414846
break,-0.2736732570239334
blood_sugar,-0.2726326742976067
stop,-0.2719389524800555
chest,-0.27124523066250433
allow,-0.2708983697537288
bank,-0.27055150884495316
weakness,-0.27055150884495316
fire,-0.2702046479361776
licensed_vocational,-0.2684703433922997
substantial,-0.2677766215747485
hallway,-0.2677766215747485
probability,-0.26742976066597296
requirement,-0.2663891779396462
catheter,-0.2660423170308706
allege,-0.2650017343045439
assign,-0.2646548733957683
meeting,-0.26361429066944153
development,-0.2629205688518904
imminent,-0.2625737079431148
enter,-0.2625737079431148
wander,-0.2625737079431148
male,-0.25979882067291016
neck,-0.25979882067291016
breathing,-0.2587582379465834
elopement,-0.25806451612903225
center,-0.2570239334027055
begin,-0.2570239334027055
pull,-0.25667707249392996
monie,-0.25494276795005205
bleed,-0.25390218522372526
lung,-0.25147415886229624
heel,-0.25147415886229624
psychosocial,-0.2511272979535206
rate,-0.2511272979535206
lead,-0.2511272979535206
concern,-0.2511272979535206
insulin,-0.25078043704474506
party,-0.25043357613596945
rp,-0.25043357613596945
chronic,-0.2497398543184183
cpr,-0.24939299340964274
establish,-0.24904613250086716
event,-0.24835241068331598
diet,-0.24765868886576484
cover,-0.24488380159556017
2009,-0.2445369406867846
immediate_relationship,-0.24384321886923344
rash,-0.24349635796045785
mechanical,-0.24245577523413112
poor,-0.24176205341657994
seven,-0.24176205341657994
schedule,-0.2410683315990288
update,-0.24002774887270203
pass,-0.2393340270551509
laceration,-0.2372528616024974
high_risk,-0.2372528616024974
administrative,-0.2372528616024974
usually,-0.2355185570586195
short,-0.2355185570586195
health_safety_security,-0.23482483524106834
local,-0.23447797433229275
certified,-0.23378425251474158
26,-0.23378425251474158
tool_date,-0.23274366978841485
dl,-0.23239680887963926
30_day,-0.23100936524453694
receive_adequate,-0.23066250433576135
relationship_health,-0.23031564342698577
finger,-0.2299687825182102
27,-0.22927506070065903
large,-0.22927506070065903
verify,-0.22927506070065903
extremity,-0.2282344779743323
business,-0.22754075615678113
survey,-0.22754075615678113
safety_security,-0.22754075615678113
registered,-0.22754075615678113
current,-0.2261533125216788
skill,-0.2261533125216788
class,-0.22580645161290322
manager,-0.22545959070412763
response,-0.2247658688865765
acute_hospital,-0.2244190079778009
finding,-0.2240721470690253
vital,-0.22337842525147417
shoulder,-0.22303156434269858
ombudsman,-0.2223378425251474
file,-0.22199098161637185
financial,-0.22199098161637185
911,-0.22199098161637185
certification,-0.22164412070759626
free_accident,-0.22095039889004509
red,-0.2206035379812695
unknown,-0.22025667707249394
scabie,-0.21956295525494277
period,-0.21956295525494277
small,-0.21921609434616718
citation,-0.21886923343739162
bladder,-0.21782865071106486
twice,-0.21748178980228927
touch,-0.21678806798473813
violate,-0.21678806798473813
sprinkler,-0.21609434616718695
burn,-0.21609434616718695
planning,-0.21574748525841136
tablet,-0.21574748525841136
supervision_assistance,-0.21574748525841136
paramedic,-0.2154006243496358
harm_result,-0.21436004162330904
locate,-0.2136663198057579
pay,-0.21297259798820672
issue,-0.21297259798820672
personnel,-0.21262573707943114
explain,-0.21123829344432882
keep,-0.21123829344432882
entity,-0.21123829344432882
good,-0.21089143253555323
end,-0.21054457162677767
involuntary,-0.21019771071800208
smoking,-0.21019771071800208
lack,-0.21019771071800208
make,-0.21019771071800208
moderate,-0.2098508498092265
remember,-0.2095039889004509
rd,-0.2095039889004509
dehydration,-0.20915712799167535
addition,-0.20881026708289976
dry,-0.20846340617412418
physician_notify,-0.20846340617412418
affect,-0.20846340617412418
licensee,-0.2081165452653486
weekly,-0.207769684356573
belt,-0.207769684356573
clean,-0.20742282344779744
copy,-0.20742282344779744
seizure,-0.20672910163024627
failure_result,-0.20638224072147068
wall,-0.20568851890391954
specify,-0.20499479708636836
push,-0.20499479708636836
inside,-0.20499479708636836
sleep,-0.20464793617759278
bed_hold,-0.20430107526881722
quarterly,-0.20430107526881722
specific,-0.20395421436004163
talk,-0.20326049254249046
dose,-0.20326049254249046
limit,-0.20326049254249046
developmental,-0.20291363163371487
grab,-0.20152618799861255
transport,-0.2008324661810614
item,-0.19979188345473464
act,-0.19979188345473464
evening,-0.19944502254595908
cfr,-0.19944502254595908
device_prevent,-0.1990981616371835
doctor,-0.1987513007284079
activity_daily,-0.1987513007284079
swallow,-0.19805757891085674
responsibility,-0.19805757891085674
discoloration,-0.19771071800208118
read,-0.19771071800208118
emergency_room,-0.1973638570933056
surgery,-0.1973638570933056
location,-0.19667013527575442
behavioral,-0.19667013527575442
miss,-0.19667013527575442
effect,-0.19667013527575442
medication_administration,-0.19632327436697883
g,-0.1949358307318765
kidney,-0.19458896982310095
responsible_party,-0.19458896982310095
case,-0.19424210891432536
adult,-0.19424210891432536
readmitt,-0.19424210891432536
right_free,-0.19389524800554978
standard,-0.19389524800554978
buttock,-0.1935483870967742
wear,-0.1932015261879986
a?s,-0.19285466527922304
review_clinical_record,-0.19250780437044746
stomach,-0.19250780437044746
ml,-0.19250780437044746
skilled_nursing_facility,-0.19216094346167187
pulse,-0.19181408255289628
air,-0.19181408255289628
register,-0.19181408255289628
breath,-0.19181408255289628
discuss,-0.1914672216441207
recommendation,-0.1914672216441207
mean,-0.1914672216441207
subject,-0.19112036073534514
bring,-0.19112036073534514
roommate,-0.19112036073534514
sling,-0.19112036073534514
threaten,-0.19077349982656955
notification,-0.19007977800901837
aggressive,-0.18973291710024281
placement,-0.18973291710024281
prescribe,-0.18973291710024281
document_title,-0.18973291710024281
sound,-0.18938605619146723
iv,-0.18869233437391605
wheel,-0.18869233437391605
practicable,-0.18869233437391605
100,-0.18869233437391605
hygiene,-0.18834547346514047
antibiotic,-0.18834547346514047
appear,-0.1879986125563649
notify_physician,-0.1879986125563649
entry,-0.1879986125563649
require_extensive,-0.18730489073881373
decline,-0.18695802983003815
physician?s,-0.18695802983003815
2008,-0.186264308012487
h,-0.186264308012487
bom,-0.186264308012487
joint,-0.18557058619493583
way,-0.18522372528616024
trust_fund,-0.18522372528616024
feed,-0.1845300034686091
laboratory,-0.1841831425598335
milligram,-0.1841831425598335
intact,-0.18383628165105792
presence,-0.18348942074228233
deposit,-0.18348942074228233
recall,-0.18348942074228233
physical_restraint,-0.18314255983350677
intellectual,-0.18314255983350677
admission_record,-0.18314255983350677
supply,-0.18314255983350677
dining_room,-0.1827956989247312
depression,-0.1827956989247312
registered_nurse,-0.1824488380159556
acute_care_hospital,-0.1824488380159556
environment_remain,-0.18210197710718
acknowledge,-0.18175511619840443
installation,-0.18175511619840443
screening,-0.18140825528962887
experience,-0.18140825528962887
31,-0.18140825528962887
vital_sign,-0.18002081165452655
written,-0.18002081165452655
letter,-0.18002081165452655
ii,-0.17967395074575096
surgical,-0.17932708983697537
site,-0.17932708983697537
report_allegation,-0.1786333680194242
additional,-0.1786333680194242
xxxxxxx,-0.1786333680194242
purpose,-0.17828650711064864
assessment_tool,-0.17828650711064864
trauma,-0.17793964620187305
bed_mobility,-0.17793964620187305
legal,-0.17793964620187305
hazard_possible,-0.17793964620187305
sign_symptom,-0.1768990634755463
monthly,-0.17655220256677073
progress_note_date,-0.17655220256677073
saturation,-0.17620534165799515
hot,-0.17447103711411724
nursing_service,-0.17447103711411724
b.,-0.17412417620534165
include_limited,-0.17412417620534165
licensed_vocational_nurse,-0.17377731529656607
question,-0.17377731529656607
attain,-0.1734304543877905
abnormal,-0.17308359347901492
nursing_home,-0.17273673257023933
fail_implement,-0.17273673257023933
bedside,-0.17238987166146374
provide_necessary,-0.17204301075268819
valuable,-0.17065556711758584
inappropriate,-0.17030870620881028
instruction,-0.17030870620881028
history_physical,-0.17030870620881028
scale,-0.17030870620881028
maintenance,-0.17030870620881028
tear,-0.1699618453000347
license_nurse,-0.1696149843912591
flow,-0.16926812348248352
effective,-0.16892126257370793
toe,-0.16822754075615678
impairment,-0.1678806798473812
gait,-0.1678806798473812
hurt,-0.1675338189386056
reflect,-0.1675338189386056
reduce,-0.1675338189386056
mental_psychosocial,-0.1675338189386056
kitchen,-0.1675338189386056
communicate,-0.16718695802983005
promptly,-0.16684009712105446
violation_present,-0.16649323621227888
cell,-0.16649323621227888
483.25,-0.16649323621227888
exit,-0.16649323621227888
soft,-0.16649323621227888
situation,-0.16545265348595214
upset,-0.16545265348595214
wait,-0.16510579257717656
er,-0.16475893166840097
emotional,-0.16441207075962538
seat,-0.16441207075962538
physical_harm,-0.1640652098508498
assault,-0.1640652098508498
cdph,-0.16371834894207424
manner,-0.16337148803329865
mattress,-0.16302462712452306
consent,-0.16302462712452306
brief,-0.16302462712452306
lunch,-0.16302462712452306
isolation,-0.16267776621574748
imminent_danger,-0.16267776621574748
left_hip,-0.16233090530697192
functional,-0.16198404439819633
verbally,-0.16198404439819633
previous,-0.16163718348942074
facility?s_policy,-0.16129032258064516
secure,-0.16129032258064516
point,-0.16129032258064516
deny,-0.16129032258064516
s,-0.16094346167186957
exploitation,-0.16094346167186957
unannounced_visit_facility,-0.16094346167186957
delay,-0.160596600763094
42,-0.16024973985431842
handle,-0.15990287894554284
cry,-0.15990287894554284
mood,-0.15990287894554284
occurrence,-0.15955601803676725
10:30,-0.15920915712799166
altercation,-0.15920915712799166
speech,-0.1588622962192161
standardized,-0.15851543531044052
prohibit,-0.15851543531044052
cut,-0.15851543531044052
improve,-0.15851543531044052
reference,-0.15816857440166493
recommend,-0.15782171349288934
people,-0.15747485258411378
different,-0.1571279916753382
clear,-0.1571279916753382
11:30,-0.1567811307665626
fax,-0.15643426985778702
develop_implement,-0.15643426985778702
unlicensed,-0.15608740894901144
2:30,-0.15608740894901144
redness,-0.15574054804023588
protection,-0.1553936871314603
answer,-0.15469996531390912
live,-0.15469996531390912
ankle,-0.15435310440513353
interdisciplinary_team,-0.15435310440513353
bad,-0.15435310440513353
ground,-0.15400624349635797
proper,-0.15400624349635797
medicaid,-0.15365938258758238
allegation_abuse,-0.15365938258758238
narcotic,-0.1533125216788068
unresponsive,-0.1533125216788068
van,-0.1529656607700312
abdominal,-0.1529656607700312
public_health,-0.1529656607700312
adon,-0.1529656607700312
tract,-0.1529656607700312
p,-0.1529656607700312
injury_unknown,-0.15261879986125565
1:30,-0.15261879986125565
permit,-0.15227193895248006
color,-0.15227193895248006
making,-0.15227193895248006
oxygen_saturation,-0.15227193895248006
forehead,-0.15227193895248006
therapist,-0.15227193895248006
reporting,-0.15227193895248006
face_sheet,-0.15192507804370448
centimeter,-0.15192507804370448
breathe,-0.1515782171349289
oral,-0.1515782171349289
choke,-0.1512313562261533
maintain_high,-0.1512313562261533
rating,-0.15088449531737774
3:30,-0.15053763440860216
welfare,-0.15053763440860216
consider,-0.15053763440860216
diabetes,-0.15053763440860216
risk_fall,-0.15019077349982657
manage,-0.15019077349982657
nutritional,-0.15019077349982657
diagnose,-0.14984391259105098
unlicensed_staff,-0.14984391259105098
suspect_abuse,-0.1494970516822754
death_harm,-0.1494970516822754
timely,-0.1494970516822754
stool,-0.14915019077349984
group,-0.14915019077349984
service_attain,-0.14880332986472425
psychiatric,-0.14880332986472425
day_program,-0.14845646895594866
duty,-0.14810960804717307
size,-0.14776274713839752
comply,-0.14776274713839752
c.,-0.14776274713839752
medicare,-0.14776274713839752
orient,-0.14741588622962193
practicable_physical,-0.14672216441207075
benefit,-0.14672216441207075
wrist,-0.14637530350329517
confusion,-0.1460284425945196
exhibit,-0.14533472077696843
tracheostomy,-0.14533472077696843
reach,-0.14498785986819285
past,-0.14498785986819285
dsp,-0.14464099895941726
walker,-0.14464099895941726
primary,-0.14464099895941726
complication,-0.1442941380506417
withdraw,-0.1442941380506417
smoke,-0.1442941380506417
shower_chair,-0.1442941380506417
project,-0.1442941380506417
liquid,-0.14360041623309053
inch,-0.14360041623309053
damage,-0.14360041623309053
licensing,-0.14325355532431494
communication,-0.14325355532431494
scream,-0.14290669441553938
abuse_prevention,-0.14290669441553938
physical_mental,-0.14290669441553938
excessive,-0.1425598335067638
near,-0.1422129725979882
california_department,-0.1422129725979882
qualified,-0.1422129725979882
stroke,-0.1422129725979882
right_hip,-0.14186611168921262
old_female,-0.14186611168921262
concurrent_interview,-0.14186611168921262
norco,-0.14151925078043703
longer,-0.14117238987166147
physical_therapy,-0.1408255289628859
dead,-0.1408255289628859
pound,-0.1408255289628859
device_prevent_accident,-0.1404786680541103
discontinue,-0.1404786680541103
attend_physician,-0.1404786680541103
administrative_staff,-0.1401318071453347
punishment,-0.1401318071453347
hoyer,-0.13978494623655913
ed,-0.13943808532778357
feeding,-0.13943808532778357
reposition,-0.1387443635102324
dietary,-0.1387443635102324
federal,-0.13805064169268125
mark,-0.13805064169268125
run,-0.13770378078390566
thigh,-0.13770378078390566
1:1,-0.13770378078390566
sure,-0.13735691987513007
dinner,-0.13735691987513007
physically,-0.13735691987513007
adverse,-0.1370100589663545
=,-0.1370100589663545
source,-0.1370100589663545
physician?s_order,-0.1370100589663545
distress,-0.1366631980575789
insert,-0.1366631980575789
write_notice,-0.1366631980575789
9:30,-0.1366631980575789
hypertension,-0.13631633714880334
totally,-0.13596947624002775
define,-0.13596947624002775
watch,-0.13562261533125217
instruct,-0.13562261533125217
shall_establish,-0.13458203260492543
director_nursing_don,-0.13423517169614985
illness,-0.13423517169614985
monie_valuable,-0.13354144987859867
t,-0.1331945889698231
department_determine,-0.1331945889698231
gt,-0.13284772806104753
add,-0.13284772806104753
l,-0.13284772806104753
precaution,-0.13284772806104753
night_shift,-0.13250086715227194
protocol,-0.13250086715227194
substantial_probability,-0.13215400624349635
alleged_abuse,-0.13215400624349635
supervise,-0.13180714533472077
hard,-0.13180714533472077
coordinator,-0.13180714533472077
facility_fail_implement,-0.1314602844259452
sprinkler_system,-0.1314602844259452
base_observation,-0.1314602844259452
seclusion,-0.13111342351716962
reside,-0.13111342351716962
hospitalization,-0.13111342351716962
dialysis,-0.13076656260839403
repair,-0.13041970169961845
lose,-0.13041970169961845
bag,-0.13041970169961845
nose,-0.13041970169961845
access,-0.13041970169961845
care_screening,-0.13007284079084286
offer,-0.13007284079084286
guideline,-0.13007284079084286
step,-0.1297259798820673
probability_death,-0.1297259798820673
prn,-0.1297259798820673
surface,-0.1297259798820673
rna,-0.1297259798820673
breakfast,-0.1297259798820673
house,-0.1297259798820673
designee,-0.1293791189732917
machine,-0.1293791189732917
ambulance,-0.12903225806451613
throw,-0.12868539715574054
mg_dl,-0.12868539715574054
result_substantial,-0.1276448144294138
nurse_note_date,-0.1276448144294138
great,-0.12729795352063822
adl,-0.12695109261186263
abdomen,-0.12660423170308707
log,-0.12660423170308707
pad,-0.12660423170308707
verbal_abuse,-0.12625737079431149
care_hospital,-0.1255636489767603
worker,-0.1255636489767603
peer,-0.12521678806798472
inability,-0.12521678806798472
aa,-0.12521678806798472
death_physical,-0.12417620534165799
rehabilitation,-0.12417620534165799
receipt,-0.12382934443288242
language,-0.12348248352410683
line,-0.12313562261533126
die,-0.12313562261533126
cc,-0.12313562261533126
motion,-0.12278876170655567
department_determine_facility,-0.12278876170655567
unnecessary,-0.12278876170655567
qmrp,-0.12244190079778008
repeat,-0.12244190079778008
rest,-0.12209503988900451
mental_status,-0.12174817898022892
register_nurse,-0.12174817898022892
building,-0.12140131807145335
nutrition,-0.12105445716267776
table,-0.12105445716267776
coccyx,-0.12105445716267776
black,-0.12070759625390219
care_planning,-0.12070759625390219
equipment,-0.12070759625390219
skin_tear,-0.12070759625390219
alzheimer,-0.12070759625390219
accept,-0.1203607353451266
lab,-0.12001387443635102
demonstrate,-0.11897329171002428
suppose,-0.11897329171002428
round,-0.1186264308012487
ot,-0.1186264308012487
healing,-0.11827956989247312
uti,-0.11827956989247312
refer,-0.11827956989247312
therapeutic,-0.11793270898369754
appeal,-0.11793270898369754
bed_rail,-0.11793270898369754
encourage,-0.11758584807492195
medical_director,-0.11758584807492195
exercise,-0.11758584807492195
severely,-0.11758584807492195
consult,-0.11758584807492195
iii,-0.11758584807492195
committee,-0.11723898716614638
8:30,-0.11689212625737079
deep,-0.11689212625737079
release,-0.11689212625737079
secondary,-0.11619840443981963
visual,-0.11619840443981963
totally_dependent,-0.11585154353104406
accessible,-0.11585154353104406
abrasion,-0.11585154353104406
slide,-0.11585154353104406
special,-0.11585154353104406
general_acute,-0.11585154353104406
complain_pain,-0.11550468262226847
airway,-0.11515782171349288
comprehensive_assessment,-0.11515782171349288
discharge_summary,-0.11515782171349288
tray,-0.11515782171349288
blister,-0.11481096080471731
pharmacy,-0.11481096080471731
certified_nurse,-0.11481096080471731
reasonable,-0.11481096080471731
account_o,-0.11446409989594172
separate,-0.11446409989594172
visitor,-0.11446409989594172
right_arm,-0.11446409989594172
lot,-0.11446409989594172
elevated,-0.11411723898716615
slap,-0.11377037807839056
job,-0.11377037807839056
ambulate,-0.11377037807839056
consistent,-0.11377037807839056
50,-0.11342351716961499
lock,-0.11342351716961499
properly,-0.1130766562608394
page,-0.1130766562608394
description,-0.1130766562608394
objective,-0.11272979535206382
friend,-0.11272979535206382
accordance_comprehensive,-0.11272979535206382
urinary_tract,-0.11238293444328824
company,-0.11238293444328824
regular,-0.11238293444328824
ms,-0.11238293444328824
alter,-0.11238293444328824
aide,-0.11238293444328824
low_extremity,-0.11238293444328824
old_male,-0.11238293444328824
train,-0.11203607353451266
paragraph,-0.11203607353451266
ativan,-0.11168921262573708
corporal,-0.11168921262573708
glucose,-0.11168921262573708
knowledge,-0.1113423517169615
awareness,-0.11099549080818592
aspiration,-0.11099549080818592
hospice,-0.11064862989941034
instead,-0.11064862989941034
bite,-0.11064862989941034
certified_nursing,-0.11030176899063475
authorize,-0.10995490808185918
hydration,-0.10995490808185918
incontinent,-0.10995490808185918
factor,-0.10995490808185918
likely,-0.10960804717308359
vomiting,-0.10960804717308359
sic,-0.10960804717308359
cart,-0.10960804717308359
sampled,-0.10960804717308359
breakdown,-0.10960804717308359
length,-0.10926118626430802
standardized_assessment,-0.10926118626430802
require_extensive_assistance,-0.10926118626430802
drink,-0.10926118626430802
investigate_entity,-0.10891432535553243
consciousness,-0.10856746444675686
dignity,-0.10856746444675686
manual,-0.10856746444675686
include_limit,-0.10822060353798127
investigate_complaint,-0.10822060353798127
gastrostomy,-0.10822060353798127
manifest,-0.10822060353798127
weight_loss,-0.10822060353798127
serve,-0.10822060353798127
hematoma,-0.10787374262920568
department_immediately,-0.10787374262920568
method,-0.10718002081165452
carry,-0.10718002081165452
4:30,-0.10718002081165452
recent,-0.10718002081165452
7:30,-0.10718002081165452
swell,-0.10683315990287895
constitute,-0.10683315990287895
advance,-0.10683315990287895
entrust,-0.10648629899410336
record_mar,-0.10613943808532779
enforcement,-0.10613943808532779
yes,-0.10613943808532779
2:45,-0.1057925771765522
facial,-0.10544571626777662
frequently,-0.10544571626777662
suffer,-0.10544571626777662
tour,-0.10544571626777662
certify_nursing_assistant,-0.10544571626777662
promote,-0.10509885535900104
consultant,-0.10509885535900104
strike,-0.10509885535900104
punishment_involuntary,-0.10509885535900104
approval,-0.10475199445022546
provide_adequate,-0.10475199445022546
tylenol,-0.10475199445022546
pneumonia,-0.10475199445022546
frequent,-0.10440513354144988
bathing,-0.10440513354144988
deficient,-0.1040582726326743
patio,-0.1040582726326743
emergency_department,-0.1040582726326743
unusual,-0.1040582726326743
routine,-0.1040582726326743
agitated,-0.10336455081512314
femur,-0.10336455081512314
daughter,-0.10336455081512314
scratch,-0.10336455081512314
cream,-0.10301768990634755
safeguard,-0.10301768990634755
lb,-0.10301768990634755
morphine,-0.10301768990634755
schizophrenia,-0.10301768990634755
store,-0.10267082899757198
high_blood,-0.10267082899757198
rt,-0.10267082899757198
title_22,-0.10232396808879639
ago,-0.10232396808879639
relieve,-0.10232396808879639
chart,-0.10232396808879639
mild,-0.10197710718002082
person_physical,-0.10197710718002082
associate,-0.10197710718002082
staff_development,-0.10197710718002082
expect,-0.10197710718002082
consultation,-0.10163024627124523
incontinence,-0.10128338536246966
agitation,-0.10128338536246966
kick,-0.10128338536246966
elbow,-0.10128338536246966
alert_orient,-0.10128338536246966
thing,-0.10128338536246966
forward,-0.10093652445369407
renal,-0.10058966354491848
diarrhea,-0.10058966354491848
mellitus,-0.10058966354491848
sudden,-0.10058966354491848
identification,-0.10058966354491848
moderately,-0.10058966354491848
6:30,-0.10058966354491848
material,-0.10024280263614291
late,-0.10024280263614291
drainage,-0.10024280263614291
half,-0.09989594172736732
beat,-0.09989594172736732
60,-0.09989594172736732
feeling,-0.09954908081859175
infection_control,-0.09954908081859175
capacity,-0.09954908081859175
officer,-0.09954908081859175
hall,-0.09920221990981616
12/30/15,-0.09920221990981616
appointment,-0.09885535900104059
combination,-0.098508498092265
2:30_p.m.,-0.098508498092265
privacy,-0.098508498092265
disclose,-0.09816163718348941
early,-0.09816163718348941
output,-0.09816163718348941
hoyer_lift,-0.09816163718348941
constitution,-0.09816163718348941
facility_provide_necessary,-0.09781477627471384
private,-0.09746791536593825
daily_decision,-0.09746791536593825
11:30_a.m.,-0.09712105445716268
soon,-0.09712105445716268
care_service_attain,-0.09712105445716268
star,-0.09712105445716268
arrest,-0.09712105445716268
indication,-0.09712105445716268
respect,-0.09712105445716268
expose,-0.0967741935483871
cognition,-0.0967741935483871
piece,-0.09642733263961152
designate,-0.09642733263961152
expire,-0.09608047173083593
unable_provide,-0.09608047173083593
error,-0.09608047173083593
prepare,-0.09608047173083593
severe_pain,-0.09573361082206035
white,-0.09573361082206035
occupational,-0.09573361082206035
deficit,-0.09573361082206035
scan,-0.09538674991328477
examination,-0.09503988900450919
undated_policy,-0.09503988900450919
psychosis,-0.09503988900450919
seven_day,-0.09469302809573361
diabetes_mellitus,-0.09469302809573361
minimize,-0.09469302809573361
hire,-0.09469302809573361
withdrawal,-0.09469302809573361
present_imminent,-0.09434616718695803
pain_management,-0.09399930627818245
implement_written,-0.09399930627818245
heart_rate,-0.09399930627818245
ventilator,-0.09399930627818245
admin,-0.09399930627818245
thinking,-0.09399930627818245
force,-0.09399930627818245
pick,-0.09365244536940687
wrong,-0.09365244536940687
incident_occur,-0.09365244536940687
12:30,-0.09330558446063128
long_term_care,-0.09330558446063128
department_public,-0.09330558446063128
signature,-0.09330558446063128
3:30_p.m.,-0.09295872355185571
readmission,-0.09295872355185571
safety_security_patient,-0.09295872355185571
let,-0.09295872355185571
tab,-0.09295872355185571
raise,-0.09261186264308012
board,-0.09261186264308012
conference,-0.09261186264308012
base_observation_interview,-0.09226500173430455
owner,-0.09191814082552896
wrongful,-0.09191814082552896
deficient_practice,-0.09191814082552896
aid,-0.09191814082552896
abuse_corporal,-0.09191814082552896
sufficient,-0.09157127991675339
high_risk_fall,-0.09157127991675339
40,-0.09157127991675339
initially,-0.09157127991675339
mistreatment_neglect,-0.09157127991675339
swollen,-0.0912244190079778
characterize,-0.0912244190079778
effectiveness,-0.0912244190079778
adls,-0.0912244190079778
directly,-0.0912244190079778
correct,-0.0912244190079778
diabete,-0.09087755809920221
develop_pressure,-0.09087755809920221
bilateral,-0.09087755809920221
psychological,-0.09087755809920221
restroom,-0.09053069719042664
nursing_station,-0.09053069719042664
thoroughly,-0.09053069719042664
shortness,-0.09053069719042664
outbreak,-0.09053069719042664
10:30_a.m.,-0.09053069719042664
skin_breakdown,-0.09018383628165105
person_assist,-0.09018383628165105
fill,-0.09018383628165105
abusive,-0.09018383628165105
constipation,-0.09018383628165105
resuscitation,-0.09018383628165105
little,-0.08983697537287548
drop,-0.08983697537287548
suspend,-0.08983697537287548
fahrenheit,-0.08983697537287548
annual,-0.08983697537287548
transfer_general,-0.08949011446409989
proceed,-0.08949011446409989
respiration,-0.08914325355532432
positive,-0.08914325355532432
cal,-0.08914325355532432
provision,-0.08914325355532432
q,-0.08914325355532432
90,-0.08914325355532432
spread,-0.08914325355532432
operation,-0.08879639264654873
r,-0.08879639264654873
pump,-0.08879639264654873
purchase,-0.08879639264654873
danger_death,-0.08844953173777315
mechanical_lift,-0.08810267082899757
direction,-0.08810267082899757
bacteria,-0.08810267082899757
measurement,-0.08810267082899757
attention,-0.08810267082899757
attach,-0.08810267082899757
official,-0.08775580992022199
brace,-0.08775580992022199
cigarette,-0.08740894901144641
antipsychotic,-0.08740894901144641
writing,-0.08740894901144641
surveyor,-0.08740894901144641
card,-0.08740894901144641
fail_protect,-0.08740894901144641
accounting,-0.08706208810267083
pillow,-0.08671522719389525
mandate,-0.08671522719389525
express,-0.08671522719389525
deliver,-0.08671522719389525
closed,-0.08671522719389525
community,-0.08671522719389525
origin,-0.08636836628511967
shall_report_incident,-0.08636836628511967
clothing,-0.08636836628511967
fractured,-0.08602150537634409
dental,-0.08602150537634409
ambulation,-0.08602150537634409
circumstance,-0.08602150537634409
muscle_weakness,-0.0856746444675685
independent,-0.0856746444675685
hair,-0.0856746444675685
hit_head,-0.0856746444675685
agree,-0.08532778355879292
progressive,-0.08532778355879292
jointly,-0.08532778355879292
fall_risk_assessment,-0.08532778355879292
bedroom,-0.08532778355879292
impaired,-0.08532778355879292
removal,-0.08498092265001735
neurological,-0.08498092265001735
administrator_adm,-0.08498092265001735
assistive,-0.08498092265001735
contract,-0.08463406174124176
coumadin,-0.08463406174124176
replace,-0.08463406174124176
endanger,-0.08463406174124176
swelling,-0.08463406174124176
medi,-0.08428720083246619
ledger,-0.08428720083246619
cognitive_skill,-0.08428720083246619
separately,-0.08428720083246619
fear,-0.08428720083246619
represent,-0.0839403399236906
cerebral,-0.0839403399236906
middle,-0.0839403399236906
cough,-0.0839403399236906
15_minute,-0.0839403399236906
2007,-0.0839403399236906
sepsis,-0.08359347901491503
anti,-0.08359347901491503
class_b,-0.08359347901491503
facility_department_immediately,-0.08359347901491503
pulmonary,-0.08324661810613944
idt_note,-0.08324661810613944
tie,-0.08324661810613944
confused,-0.08289975719736385
nurse_station,-0.08289975719736385
blue,-0.08289975719736385
0,-0.08289975719736385
entitle,-0.08289975719736385
generate,-0.08289975719736385
failure_implement,-0.08255289628858828
yellow,-0.08255289628858828
shake,-0.08255289628858828
constitution_law,-0.08255289628858828
right_violate,-0.08220603537981269
major,-0.08220603537981269
cardiac,-0.08220603537981269
reduction,-0.08220603537981269
background,-0.08185917447103712
dos,-0.08185917447103712
direct_immediate,-0.08151231356226153
ongoing,-0.08151231356226153
stipulate,-0.08151231356226153
owe,-0.08116545265348596
cognitively,-0.08116545265348596
safely,-0.08116545265348596
slow,-0.08116545265348596
social_worker,-0.08116545265348596
p&p,-0.08116545265348596
term_memory,-0.08116545265348596
admission_record_indicate,-0.08081859174471037
difficult,-0.08081859174471037
overall,-0.08081859174471037
personal_hygiene,-0.08081859174471037
toileting,-0.08081859174471037
criminal,-0.08047173083593478
weak,-0.08047173083593478
bleeding,-0.08047173083593478
daily_living,-0.08047173083593478
roll,-0.08047173083593478
institution,-0.08047173083593478
believe,-0.08012486992715921
sit_wheelchair,-0.08012486992715921
allege_abuse,-0.08012486992715921
cup,-0.07977800901838362
mask,-0.07977800901838362
temporary,-0.07977800901838362
prompt,-0.07943114810960805
elope,-0.07943114810960805
liter,-0.07943114810960805
accurate,-0.07943114810960805
article,-0.07943114810960805
72,-0.07908428720083246
etc,-0.07908428720083246
driver,-0.07908428720083246
voice,-0.07908428720083246
interview_director_nursing,-0.07908428720083246
combine,-0.07908428720083246
right_violate_facility,-0.07908428720083246
re,-0.07908428720083246
5:30,-0.07873742629205689
facility_develop_implement,-0.07873742629205689
rough,-0.07873742629205689
sexual_abuse,-0.07873742629205689
comfort,-0.0783905653832813
long_term_health,-0.0783905653832813
public_request,-0.0783905653832813
policy_shall_accessible,-0.0783905653832813
retardation,-0.0783905653832813
count,-0.0783905653832813
employ,-0.0783905653832813
1:30_p.m.,-0.0783905653832813
's_undated_policy,-0.0783905653832813
shall_accessible,-0.0783905653832813
significant_change,-0.0783905653832813
healthcare,-0.0783905653832813
3/9/16,-0.07804370447450572
pharmacist,-0.07769684356573014
shall_copy,-0.07769684356573014
right_shall_copy,-0.07769684356573014
ambulatory,-0.07734998265695456
compliance,-0.07734998265695456
skin_condition,-0.07734998265695456
sbar,-0.07734998265695456
actual,-0.07734998265695456
percent,-0.07734998265695456
2?s,-0.07734998265695456
forearm,-0.07700312174817898
discover,-0.07700312174817898
70,-0.07700312174817898
bus,-0.07700312174817898
unsafe,-0.07700312174817898
spine,-0.07700312174817898
submit,-0.07700312174817898
policy_available,-0.0766562608394034
thickness,-0.0766562608394034
fast,-0.0766562608394034
calm,-0.0766562608394034
elder,-0.0766562608394034
stick,-0.0766562608394034
outing,-0.07630939993062782
independently,-0.07630939993062782
limitation,-0.07596253902185224
policy_available_patient,-0.07596253902185224
0.5,-0.07596253902185224
nasal,-0.07596253902185224
written_policy,-0.07596253902185224
developmental_disability,-0.07596253902185224
currently,-0.07596253902185224
wheel_chair,-0.07561567811307665
loud,-0.07561567811307665
angry,-0.07561567811307665
public_request_patient,-0.07561567811307665
subsequent,-0.07561567811307665
completely,-0.07561567811307665
refusal,-0.07561567811307665
recognize,-0.07526881720430108
fluid_intake,-0.07526881720430108
vomit,-0.07492195629552549
failure_direct,-0.07492195629552549
direct_relationship,-0.07492195629552549
attack,-0.07492195629552549
left_hand,-0.07492195629552549
surround,-0.07492195629552549
discomfort,-0.07492195629552549
alleged_violation,-0.07492195629552549
hospital_gach,-0.07457509538674992
d.,-0.07457509538674992
intravenous,-0.07457509538674992
create,-0.07457509538674992
wind,-0.07457509538674992
aggression,-0.07457509538674992
box,-0.07457509538674992
wash,-0.07457509538674992
transfer_acute_care,-0.07457509538674992
collection,-0.07422823447797433
activity_daily_living,-0.07422823447797433
patch,-0.07422823447797433
3:15,-0.07422823447797433
belonging,-0.07388137356919876
dysphagia,-0.07388137356919876
bowel_movement,-0.07388137356919876
licensing_certification,-0.07388137356919876
9:30_a.m.,-0.07388137356919876
afraid,-0.07388137356919876
facility_endanger,-0.07388137356919876
replacement,-0.07388137356919876
safety_code,-0.07353451266042317
afternoon,-0.07353451266042317
contracture,-0.07353451266042317
sink,-0.07353451266042317
provider,-0.07353451266042317
f323,-0.07318765175164758
common,-0.07318765175164758
orientation,-0.07318765175164758
paralysis,-0.07318765175164758
wet,-0.07318765175164758
residence,-0.07318765175164758
1/1/15,-0.07318765175164758
tooth,-0.07318765175164758
potentially,-0.07318765175164758
ct,-0.07318765175164758
intent,-0.07284079084287201
design,-0.07284079084287201
snack,-0.07284079084287201
soc,-0.07284079084287201
relocation,-0.07284079084287201
not_know,-0.07284079084287201
verbalize,-0.07249392993409642
worsen,-0.07249392993409642
depth,-0.07249392993409642
coordination,-0.07249392993409642
alternative,-0.07249392993409642
left_arm,-0.07249392993409642
awake,-0.07214706902532085
contribute,-0.07214706902532085
eri,-0.07214706902532085
observation_interview,-0.07214706902532085
transition,-0.07214706902532085
adequately,-0.07214706902532085
compression,-0.07180020811654526
consume,-0.07180020811654526
80,-0.07180020811654526
transaction,-0.07180020811654526
twice_day,-0.07180020811654526
participate,-0.07145334720776969
pattern,-0.07145334720776969
increase_risk,-0.07145334720776969
purple,-0.07145334720776969
12/9/15,-0.07145334720776969
terminate,-0.07145334720776969
unassisted,-0.07145334720776969
oshpd,-0.0711064862989941
word,-0.07075962539021852
internal,-0.07041276448144294
reply,-0.07041276448144294
42_cfr,-0.07041276448144294
guard,-0.07041276448144294
find_floor,-0.07041276448144294
sodium,-0.07041276448144294
caregiver,-0.07041276448144294
right_knee,-0.07041276448144294
electrical,-0.07041276448144294
assessment_tool_date,-0.07006590357266736
medication_treat,-0.07006590357266736
suicide,-0.07006590357266736
punishment_involuntary_seclusion,-0.07006590357266736
licensed_nurse_ln,-0.07006590357266736
national,-0.07006590357266736
verbal_sexual,-0.07006590357266736
cna1,-0.07006590357266736
artery,-0.07006590357266736
10:45,-0.06971904266389178
waist,-0.06971904266389178
share,-0.06971904266389178
cash,-0.06971904266389178
punch,-0.06971904266389178
conservator,-0.06971904266389178
low_leg,-0.06971904266389178
hearing,-0.0693721817551162
shortness_breath,-0.0693721817551162
call_911,-0.0693721817551162
unsteady,-0.0693721817551162
post_fall,-0.06902532084634062
facility_fail_protect,-0.06902532084634062
interest,-0.06902532084634062
alzheimer_'s,-0.06902532084634062
nausea,-0.06902532084634062
enumerate,-0.06902532084634062
humiliation,-0.06867845993756504
short_term,-0.06867845993756504
recertification,-0.06867845993756504
basis,-0.06867845993756504
right_upper,-0.06867845993756504
propose,-0.06867845993756504
nurse?s,-0.06833159902878945
diaper,-0.06833159902878945
clinic,-0.06833159902878945
lateral,-0.06833159902878945
dss,-0.06833159902878945
failure_comply,-0.06833159902878945
cheek,-0.06833159902878945
ear,-0.06833159902878945
cardiopulmonary,-0.06798473812001388
toilet_use,-0.06798473812001388
vascular,-0.06798473812001388
tolerate,-0.06798473812001388
especially,-0.06798473812001388
provide_safe,-0.06798473812001388
face_sheet_indicate,-0.06798473812001388
right_enumerate,-0.06798473812001388
pend,-0.06798473812001388
heal,-0.06798473812001388
video,-0.06798473812001388
ring,-0.06798473812001388
easily,-0.06798473812001388
shall_class,-0.06798473812001388
w,-0.06763787721123829
procedure_title,-0.06763787721123829
1:45,-0.06763787721123829
redirect,-0.06763787721123829
responsive,-0.06763787721123829
task,-0.06763787721123829
breast,-0.06763787721123829
decide,-0.06763787721123829
readmit,-0.06729101630246272
requirement_section,-0.06729101630246272
bearing,-0.06729101630246272
occasion,-0.06694415539368713
thought,-0.06694415539368713
2:15,-0.06694415539368713
hypertension_high,-0.06694415539368713
arrange,-0.06694415539368713
diabetic,-0.06694415539368713
protective,-0.06659729448491156
mother,-0.06659729448491156
today,-0.06659729448491156
dark,-0.06659729448491156
wing,-0.06659729448491156
10:15,-0.06659729448491156
administer_medication,-0.06625043357613597
investigate_allegation,-0.06625043357613597
undergo,-0.06625043357613597
reaction,-0.06625043357613597
unsupervised,-0.06625043357613597
quality_care,-0.06625043357613597
class_b_citation,-0.06625043357613597
accompany,-0.06625043357613597
write_statement,-0.06590357266736038
edge,-0.06590357266736038
walking,-0.06590357266736038
normal_range,-0.06590357266736038
9:45,-0.06590357266736038
clinical_record_title,-0.06590357266736038
ia,-0.06590357266736038
age,-0.06590357266736038
permanent,-0.06590357266736038
psychiatrist,-0.06590357266736038
utilize,-0.06590357266736038
status_post,-0.06555671175858481
slough,-0.06555671175858481
arrival,-0.06555671175858481
persistent,-0.06555671175858481
practitioner,-0.06555671175858481
zero,-0.06555671175858481
low_blood,-0.06555671175858481
fever,-0.06555671175858481
loose,-0.06555671175858481
construction,-0.06555671175858481
legal_representative,-0.06555671175858481
accurately,-0.06520985084980922
monday,-0.06520985084980922
previously,-0.06520985084980922
6/24/15,-0.06486298994103365
search,-0.06486298994103365
ownership,-0.06486298994103365
locomotion,-0.06486298994103365
wanderguard,-0.06486298994103365
clot,-0.06486298994103365
produce,-0.06486298994103365
lower,-0.06486298994103365
plastic,-0.06486298994103365
lip,-0.06451612903225806
life_threaten,-0.06451612903225806
osteoporosis,-0.06451612903225806
necessary_care,-0.06416926812348249
cold,-0.06416926812348249
mental_disorder,-0.06416926812348249
medication_error,-0.06416926812348249
inflammation,-0.0638224072147069
report_allegation_abuse,-0.0638224072147069
indwelling,-0.0638224072147069
inspection,-0.0638224072147069
thin,-0.0638224072147069
vessel,-0.0638224072147069
lap,-0.0638224072147069
minimum_datum_set,-0.0638224072147069
unstageable,-0.06347554630593132
director_staff_development,-0.06347554630593132
evaluator,-0.06347554630593132
participation,-0.06347554630593132
violate_regulation,-0.06347554630593132
employment,-0.06347554630593132
sexually,-0.06347554630593132
75,-0.06347554630593132
man,-0.06312868539715574
1:15,-0.06312868539715574
1418.91,-0.06312868539715574
mat,-0.06312868539715574
admission_face,-0.06312868539715574
bodily,-0.06312868539715574
object,-0.06278182448838016
pant,-0.06278182448838016
inner,-0.06278182448838016
accident_hazard,-0.06278182448838016
borrow,-0.06278182448838016
md_assessment,-0.06278182448838016
depressive,-0.06278182448838016
investigative,-0.06278182448838016
message,-0.06278182448838016
11:45,-0.06278182448838016
totally_dependent_staff,-0.062434963579604576
broken,-0.062434963579604576
reality,-0.062434963579604576
500,-0.062434963579604576
lean,-0.062434963579604576
vein,-0.062434963579604576
strength,-0.062434963579604576
subdural,-0.062434963579604576
risperdal,-0.062434963579604576
120,-0.062434963579604576
technique,-0.062088102670828996
disturbance,-0.062088102670828996
business_office,-0.062088102670828996
guide,-0.062088102670828996
average,-0.062088102670828996
saline,-0.062088102670828996
assignment,-0.061741241762053416
i.e.,-0.061741241762053416
drain,-0.061741241762053416
elevate,-0.061741241762053416
paper,-0.061741241762053416
ill,-0.061741241762053416
usual,-0.061741241762053416
duration,-0.061741241762053416
effort,-0.061394380853277836
quality_life,-0.061394380853277836
testing,-0.061394380853277836
learn,-0.061394380853277836
technician,-0.061394380853277836
pta,-0.061394380853277836
street,-0.061394380853277836
violation_regulation,-0.061047519944502256
11:15,-0.061047519944502256
screen,-0.061047519944502256
corrective,-0.061047519944502256
grievance,-0.061047519944502256
lie_bed,-0.061047519944502256
o2,-0.061047519944502256
big,-0.060700659035726676
bump,-0.060700659035726676
9:40,-0.060700659035726676
medicine,-0.060700659035726676
extend,-0.060700659035726676
suction,-0.060700659035726676
hot_water,-0.060700659035726676
warning,-0.060700659035726676
opening,-0.060700659035726676
gastrostomy_tube,-0.060353798126951096
3:45,-0.060353798126951096
prevent_accident,-0.060353798126951096
st,-0.060353798126951096
milliliter,-0.060353798126951096
deterioration,-0.060353798126951096
automatic,-0.060353798126951096
storage,-0.060353798126951096
alcohol,-0.060353798126951096
protein,-0.060353798126951096
escort,-0.060353798126951096
conversation,-0.060353798126951096
4:30_p.m.,-0.060353798126951096
injure,-0.06000693721817551
stage_ii,-0.06000693721817551
put,-0.06000693721817551
exist,-0.06000693721817551
range_motion,-0.06000693721817551
facility_violate_regulation,-0.06000693721817551
solution,-0.06000693721817551
receive_complaint,-0.05966007630939993
width,-0.05966007630939993
advise,-0.05966007630939993
stamp,-0.05966007630939993
rapid,-0.05966007630939993
partial,-0.05966007630939993
memory_problem,-0.05966007630939993
intervene,-0.05966007630939993
frequency,-0.05966007630939993
xxxxxxx16,-0.05966007630939993
scared,-0.05931321540062435
transportation,-0.05931321540062435
linen,-0.05931321540062435
8:30_a.m.,-0.05931321540062435
physician_order_date,-0.05931321540062435
dilaudid,-0.05931321540062435
agreement,-0.05931321540062435
alteration,-0.05896635449184877
entire,-0.05896635449184877
57,-0.05896635449184877
clothe,-0.05896635449184877
expenditure,-0.05896635449184877
hemorrhage,-0.05896635449184877
unaware,-0.05896635449184877
frame,-0.05896635449184877
afford,-0.05896635449184877
odor,-0.05896635449184877
behalf,-0.05896635449184877
decision_making,-0.05896635449184877
blanket,-0.05861949358307319
application,-0.05861949358307319
working,-0.05861949358307319
subsequently,-0.05861949358307319
hip_fracture,-0.05861949358307319
survey_certification,-0.05861949358307319
transfer_acute_hospital,-0.05861949358307319
right_shoulder,-0.05861949358307319
cord,-0.05861949358307319
care_plan_title,-0.05827263267429761
cn,-0.05827263267429761
strap,-0.05827263267429761
45,-0.05827263267429761
right_heel,-0.05827263267429761
main,-0.05827263267429761
picture,-0.05792577176552203
state_survey_certification,-0.05792577176552203
commode,-0.05792577176552203
vision,-0.05792577176552203
t22,-0.05792577176552203
delusion,-0.05792577176552203
blank,-0.05757891085674644
hospital_emergency,-0.05757891085674644
date_1/1/15,-0.05757891085674644
curtain,-0.05757891085674644
injection,-0.05757891085674644
approach_include,-0.05757891085674644
elimite,-0.05757891085674644
negative,-0.05757891085674644
wish,-0.05757891085674644
30_minute,-0.05757891085674644
f.,-0.05723204994797086
payroll,-0.05723204994797086
account_o_ad,-0.05723204994797086
unusual_occurrence,-0.05723204994797086
brown,-0.05723204994797086
itching,-0.05723204994797086
med,-0.05688518903919528
bank_document,-0.05688518903919528
metal,-0.05688518903919528
skin_rash,-0.05688518903919528
consequence,-0.05688518903919528
fecal,-0.05688518903919528
2:50,-0.05688518903919528
rule,-0.05688518903919528
financial_abuse,-0.05688518903919528
enter_room,-0.05688518903919528
registered_nurse_rn,-0.05688518903919528
basic,-0.05688518903919528
asleep,-0.0565383281304197
aggressive_behavior,-0.0565383281304197
weigh,-0.0565383281304197
insurance,-0.0565383281304197
assure,-0.0565383281304197
hazard_possible_2,-0.0565383281304197
"20,000",-0.05619146722164412
theft,-0.05619146722164412
blood_glucose,-0.05619146722164412
association,-0.05619146722164412
ready,-0.05619146722164412
severely_impair,-0.05619146722164412
483.25(h,-0.05619146722164412
posting,-0.05619146722164412
shall_post,-0.05619146722164412
pack,-0.05619146722164412
inr,-0.05619146722164412
reconciliation,-0.05619146722164412
restrain,-0.05619146722164412
include_unnecessary,-0.05619146722164412
comfortable,-0.05584460631286854
capacity_understand,-0.05584460631286854
displace,-0.05584460631286854
tracheostomy_tube,-0.05584460631286854
licensee_shall,-0.05584460631286854
closely,-0.05584460631286854
human,-0.05584460631286854
38,-0.05584460631286854
avoid,-0.05584460631286854
choice,-0.05584460631286854
physical_therapist,-0.05584460631286854
12:15,-0.05584460631286854
visible,-0.05584460631286854
nursing_service_shall,-0.05584460631286854
k,-0.05584460631286854
need_meet,-0.05584460631286854
business_account,-0.05584460631286854
flow_sheet,-0.05584460631286854
because_death,-0.05549774540409296
employee_file,-0.05549774540409296
72527,-0.05549774540409296
notice_propose,-0.05549774540409296
concurrent_observation,-0.05549774540409296
constant,-0.05549774540409296
nursing_note_date,-0.05549774540409296
left_shoulder,-0.05549774540409296
supplement,-0.05549774540409296
kill,-0.055150884495317375
originally,-0.055150884495317375
reporter,-0.055150884495317375
authority,-0.055150884495317375
dress,-0.055150884495317375
reconcile,-0.055150884495317375
remind,-0.055150884495317375
able_understand,-0.055150884495317375
v,-0.054804023586541795
towel,-0.054804023586541795
milligram_mg,-0.054804023586541795
patient_right_enumerate,-0.054804023586541795
manufacturer,-0.054804023586541795
unwitnessed,-0.054804023586541795
assistance_activity,-0.054804023586541795
distal,-0.054804023586541795
ointment,-0.054804023586541795
clearance,-0.054804023586541795
bim,-0.054804023586541795
thick,-0.054804023586541795
strong,-0.054457162677766215
dependent_staff,-0.054457162677766215
483.13(c,-0.054457162677766215
3:10,-0.054457162677766215
nervous,-0.054457162677766215
mentally,-0.054457162677766215
10:00,-0.054457162677766215
diagnostic,-0.054457162677766215
final,-0.054457162677766215
suicidal,-0.054457162677766215
certificate,-0.054457162677766215
1.5,-0.054457162677766215
isolation_excessive,-0.054457162677766215
profound,-0.054457162677766215
painful,-0.054110301768990635
connect,-0.054110301768990635
obstruction,-0.054110301768990635
stable,-0.054110301768990635
active,-0.054110301768990635
leave_leg,-0.054110301768990635
detail,-0.054110301768990635
indignity,-0.054110301768990635
assessment_care_screening,-0.054110301768990635
sacral,-0.053763440860215055
trigger,-0.053763440860215055
alleged_incident,-0.053763440860215055
permission,-0.053763440860215055
bun,-0.053763440860215055
12:30_p.m.,-0.053763440860215055
value,-0.053416579951439475
continuous,-0.053416579951439475
3:00,-0.053416579951439475
mention,-0.053416579951439475
kind,-0.053416579951439475
altered,-0.053416579951439475
organ,-0.053416579951439475
seek,-0.053416579951439475
short_long,-0.053416579951439475
failure_potential,-0.053416579951439475
neglect_abuse,-0.053069719042663895
9:15,-0.053069719042663895
discrepancy,-0.053069719042663895
cook,-0.053069719042663895
interview_licensed_vocational,-0.053069719042663895
scalp,-0.053069719042663895
bill,-0.053069719042663895
integrity,-0.053069719042663895
bs,-0.053069719042663895
483.12,-0.053069719042663895
intend,-0.05272285813388831
evening_shift,-0.05272285813388831
dosage,-0.05272285813388831
11:00,-0.05272285813388831
brief_interview,-0.05272285813388831
comment,-0.05272285813388831
threat,-0.05272285813388831
substance,-0.05272285813388831
important,-0.05272285813388831
bedtime,-0.05237599722511273
housekeeping,-0.05237599722511273
left_foot,-0.05237599722511273
tab_alarm,-0.05237599722511273
interfere,-0.05237599722511273
day_later,-0.05237599722511273
shock,-0.05202913631633715
handling,-0.05202913631633715
completion,-0.05202913631633715
exceed,-0.05202913631633715
anemia,-0.05202913631633715
impaction,-0.05202913631633715
72_hour,-0.05202913631633715
united,-0.05202913631633715
verbal_physical,-0.05202913631633715
restorative,-0.05202913631633715
bottle,-0.05168227540756157
american,-0.05168227540756157
respiratory_rate,-0.05168227540756157
centimeter_cm,-0.05168227540756157
risk_factor,-0.05168227540756157
county,-0.05168227540756157
use_restraint,-0.05168227540756157
intensive,-0.05168227540756157
surveillance,-0.05133541449878599
culture,-0.05133541449878599
primary_physician,-0.05133541449878599
violation_jointly,-0.05133541449878599
a.m._unannounced,-0.05133541449878599
37,-0.05133541449878599
display,-0.05133541449878599
operate,-0.05133541449878599
achieve,-0.05133541449878599
datum_set,-0.05133541449878599
2:45_p.m.,-0.05098855359001041
penis,-0.05098855359001041
tip,-0.05098855359001041
fully,-0.05098855359001041
orderly,-0.05098855359001041
nurse_aide,-0.05098855359001041
detailed,-0.05098855359001041
earlier,-0.05098855359001041
rom,-0.05098855359001041
law_enforcement,-0.05098855359001041
gate,-0.05098855359001041
surgeon,-0.05098855359001041
declaration,-0.05098855359001041
pill,-0.05064169268123483
label,-0.05064169268123483
glove,-0.05064169268123483
kit,-0.05064169268123483
onset,-0.05064169268123483
restrictive,-0.05064169268123483
nerve,-0.05064169268123483
care_plan_intervention,-0.05064169268123483
left_heel,-0.05064169268123483
bed_mobility_transfer,-0.05064169268123483
hallucination,-0.05064169268123483
cockroach,-0.05064169268123483
cnl,-0.05064169268123483
layer,-0.05064169268123483
32,-0.05064169268123483
timely_manner,-0.05029483177245924
medicare_medicaid,-0.05029483177245924
irregular,-0.05029483177245924
head_injury,-0.05029483177245924
chapter,-0.05029483177245924
separately_combination,-0.05029483177245924
draw,-0.05029483177245924
finish,-0.05029483177245924
combative,-0.05029483177245924
real,-0.05029483177245924
stabilize,-0.05029483177245924
agent,-0.05029483177245924
injury_unknown_origin,-0.05029483177245924
8:45,-0.05029483177245924
name,-0.04994797086368366
exclude,-0.04994797086368366
skin_discoloration,-0.04994797086368366
division,-0.04994797086368366
seroquel,-0.04994797086368366
blood_sugar_level,-0.04994797086368366
availability,-0.04994797086368366
intervention_prevent,-0.04994797086368366
1:20,-0.04994797086368366
department_public_health,-0.04994797086368366
pronounce,-0.04994797086368366
generalized,-0.04994797086368366
slip,-0.04994797086368366
anonymous,-0.04960110995490808
examine,-0.04960110995490808
rn_supervisor,-0.04960110995490808
eligible,-0.04960110995490808
render,-0.04960110995490808
credit,-0.04960110995490808
stage_iii,-0.04960110995490808
sau,-0.04960110995490808
np,-0.04960110995490808
obstructive,-0.04960110995490808
m,-0.04960110995490808
regulation_fail,-0.04960110995490808
assistant_director,-0.0492542490461325
closure,-0.0492542490461325
verification,-0.0492542490461325
sub,-0.0492542490461325
despite,-0.0492542490461325
confuse,-0.0492542490461325
ac,-0.0492542490461325
seizure_disorder,-0.0492542490461325
administrator_designee,-0.0492542490461325
welfare_institution,-0.0492542490461325
reading,-0.0492542490461325
blood_vessel,-0.0492542490461325
referral,-0.0492542490461325
guardian,-0.0492542490461325
glucometer,-0.0492542490461325
regulation_violation,-0.0492542490461325
psychotropic,-0.0492542490461325
poor_safety,-0.0492542490461325
pale,-0.0492542490461325
minimal,-0.0492542490461325
unspecified,-0.0492542490461325
cost,-0.04890738813735692
n,-0.04890738813735692
secretion,-0.04890738813735692
eyebrow,-0.04890738813735692
space,-0.04890738813735692
procedure_prohibit,-0.04890738813735692
reference_range,-0.04856052722858134
disabled,-0.04856052722858134
disability_shall,-0.04856052722858134
recently,-0.04856052722858134
car,-0.04821366631980576
orthopedic,-0.04821366631980576
ice,-0.04821366631980576
installation_project,-0.04821366631980576
charting,-0.04821366631980576
cleanse,-0.04821366631980576
sw,-0.04821366631980576
pain_scale,-0.04821366631980576
key,-0.04821366631980576
product,-0.04821366631980576
appetite,-0.04821366631980576
bp,-0.04821366631980576
2:20,-0.047866805411030174
circumstance_likely,-0.047866805411030174
checking,-0.047866805411030174
because_significant,-0.047866805411030174
acceptable,-0.047866805411030174
approve,-0.047866805411030174
warm,-0.047866805411030174
complainant,-0.047866805411030174
related,-0.047866805411030174
consistency,-0.047866805411030174
peg,-0.047866805411030174
2:10,-0.047866805411030174
preparation,-0.047866805411030174
central,-0.047866805411030174
include_limit_following,-0.047866805411030174
maximum,-0.047519944502254594
thorough,-0.047519944502254594
seat_belt,-0.047519944502254594
decubitus,-0.047519944502254594
mid,-0.047519944502254594
closet,-0.047519944502254594
degree_fahrenheit,-0.047519944502254594
high_level,-0.047519944502254594
eating,-0.047519944502254594
and/or_family,-0.047519944502254594
moan,-0.047519944502254594
sitter,-0.047519944502254594
activity_director,-0.047173083593479014
bath,-0.047173083593479014
standard_practice,-0.047173083593479014
spinal,-0.047173083593479014
cms,-0.047173083593479014
facility_investigate_entity,-0.047173083593479014
normally,-0.047173083593479014
foley,-0.047173083593479014
div5,-0.047173083593479014
cm_x,-0.047173083593479014
particular,-0.047173083593479014
call_help,-0.047173083593479014
outer,-0.046826222684703434
ln_d,-0.046826222684703434
legislature,-0.046826222684703434
part,-0.046826222684703434
6:30_a.m.,-0.046826222684703434
cross,-0.046826222684703434
view,-0.046826222684703434
skin_integrity,-0.046826222684703434
weight_bearing,-0.046826222684703434
provide_necessary_care,-0.046826222684703434
hang,-0.046826222684703434
incident_happen,-0.046826222684703434
pre,-0.046826222684703434
3:40,-0.046826222684703434
suture,-0.046479361775927854
portion,-0.046479361775927854
bank_account,-0.046479361775927854
person_developmental,-0.046479361775927854
affected,-0.046479361775927854
moderately_impair,-0.046479361775927854
anxiety_emotional,-0.046479361775927854
require_limited,-0.046479361775927854
urinary_tract_infection,-0.046479361775927854
turn_reposition,-0.046479361775927854
1:35,-0.046479361775927854
instal,-0.046479361775927854
cause_occur,-0.046479361775927854
narrative,-0.046479361775927854
capacity_understand_decision,-0.046479361775927854
friday,-0.046132500867152273
blood_flow,-0.046132500867152273
investigation_conduct,-0.046132500867152273
prohibition,-0.046132500867152273
volunteer,-0.046132500867152273
inventory,-0.046132500867152273
content,-0.046132500867152273
femoral,-0.046132500867152273
hm,-0.046132500867152273
refund,-0.046132500867152273
critical,-0.046132500867152273
informed,-0.046132500867152273
35,-0.046132500867152273
regional,-0.045785639958376693
chemical,-0.045785639958376693
staffing,-0.045785639958376693
focus,-0.045785639958376693
tn,-0.045785639958376693
text,-0.045785639958376693
adjust,-0.045785639958376693
h&p,-0.045785639958376693
36,-0.045785639958376693
discrimination,-0.045438779049601107
paramedic_arrive,-0.045438779049601107
revision,-0.045438779049601107
catch,-0.045438779049601107
restlessness,-0.045438779049601107
correction,-0.045438779049601107
program_activity,-0.045438779049601107
respiratory_distress,-0.045438779049601107
tv,-0.045438779049601107
federal_regulation,-0.045438779049601107
edema,-0.045438779049601107
track,-0.045438779049601107
director_ssd,-0.045438779049601107
performance,-0.045438779049601107
wife,-0.045438779049601107
shoe,-0.045438779049601107
established,-0.045438779049601107
left_ankle,-0.045091918140825527
busy,-0.045091918140825527
10:20,-0.045091918140825527
2:40,-0.045091918140825527
outburst,-0.045091918140825527
total_score,-0.045091918140825527
g_tube,-0.045091918140825527
unattend,-0.045091918140825527
provide_adequate_supervision,-0.045091918140825527
shirt,-0.045091918140825527
3:20,-0.045091918140825527
exit_door,-0.045091918140825527
termination,-0.045091918140825527
nursing_progress_note,-0.045091918140825527
guarantee,-0.045091918140825527
send_hospital,-0.045091918140825527
humiliation_indignity,-0.045091918140825527
relief,-0.045091918140825527
spanish,-0.045091918140825527
forth,-0.044745057232049947
hemiplegia,-0.044745057232049947
pica,-0.044745057232049947
student,-0.044745057232049947
judgment,-0.044745057232049947
interaction,-0.044745057232049947
dc,-0.044745057232049947
rod,-0.044745057232049947
gain,-0.044745057232049947
dietician,-0.044745057232049947
collect,-0.044745057232049947
protector,-0.044745057232049947
monthly_statement,-0.044745057232049947
security_long,-0.044745057232049947
mistreatment_neglect_abuse,-0.044745057232049947
specialist,-0.044745057232049947
august_13,-0.044398196323274366
family_friend,-0.044398196323274366
functioning,-0.044398196323274366
9:50,-0.044398196323274366
medicate,-0.044398196323274366
341,-0.044398196323274366
block,-0.044398196323274366
longer_need,-0.044398196323274366
wake,-0.044398196323274366
2:15_p.m.,-0.044398196323274366
8_2014,-0.044398196323274366
thirty,-0.044398196323274366
mg_tablet,-0.044398196323274366
disability_professional,-0.044398196323274366
12:45,-0.044398196323274366
son,-0.044051335414498786
court,-0.044051335414498786
certain,-0.044051335414498786
smell,-0.044051335414498786
meat,-0.044051335414498786
10:25,-0.044051335414498786
absence,-0.044051335414498786
cancer,-0.044051335414498786
free_mental,-0.044051335414498786
o_ad_state,-0.044051335414498786
propel,-0.044051335414498786
suddenly,-0.044051335414498786
325,-0.044051335414498786
tomography,-0.044051335414498786
immobilizer,-0.044051335414498786
lay,-0.044051335414498786
sulfate,-0.044051335414498786
throat,-0.044051335414498786
receive_public,-0.044051335414498786
1:00,-0.043704474505723206
patient_monie_valuable,-0.043704474505723206
additionally,-0.043704474505723206
quickly,-0.043704474505723206
observe_sit,-0.043704474505723206
california_health,-0.043704474505723206
future,-0.043704474505723206
drawing,-0.043704474505723206
west,-0.043704474505723206
course,-0.043704474505723206
heater,-0.043704474505723206
lobby,-0.043704474505723206
elderly,-0.043357613596947626
cease,-0.043357613596947626
coffee,-0.043357613596947626
24_hour_b,-0.043357613596947626
72311,-0.043357613596947626
image,-0.043357613596947626
forget,-0.043357613596947626
right_appeal,-0.043357613596947626
implementation,-0.043357613596947626
rib,-0.043357613596947626
inadequate,-0.043357613596947626
10:45_a.m.,-0.043357613596947626
eschar,-0.043357613596947626
fist,-0.043357613596947626
bm,-0.043357613596947626
normal_saline,-0.043010752688172046
discipline,-0.043010752688172046
1:25,-0.043010752688172046
polst,-0.043010752688172046
find_unresponsive,-0.043010752688172046
education,-0.043010752688172046
need_extensive,-0.043010752688172046
voluntary,-0.043010752688172046
online,-0.043010752688172046
member_legal,-0.043010752688172046
non_verbal,-0.043010752688172046
action_take,-0.043010752688172046
require_total,-0.043010752688172046
level_consciousness,-0.043010752688172046
setting,-0.043010752688172046
reasoning,-0.043010752688172046
hospitalize,-0.043010752688172046
exclude_participation,-0.04266389177939646
alternate,-0.04266389177939646
12/30/15_indicate,-0.04266389177939646
exam,-0.04266389177939646
couple,-0.04266389177939646
deny_benefit,-0.04266389177939646
hazard_supervision,-0.04266389177939646
facilitate,-0.04266389177939646
person_reason,-0.04266389177939646
lns,-0.04266389177939646
gas,-0.04266389177939646
haldol,-0.04266389177939646
qualified_intellectual,-0.04266389177939646
california_qualified,-0.04266389177939646
representative_30,-0.04231703087062088
high_blood_pressure,-0.04231703087062088
electric,-0.04231703087062088
bacterial,-0.04231703087062088
egg,-0.04231703087062088
accuse,-0.04231703087062088
elopement_risk,-0.04231703087062088
geri,-0.04231703087062088
2:00,-0.04231703087062088
11:10,-0.04231703087062088
laundry,-0.04231703087062088
urgent,-0.04231703087062088
generalize,-0.04231703087062088
parking,-0.0419701699618453
electronic,-0.0419701699618453
splint,-0.0419701699618453
sided,-0.0419701699618453
example,-0.0419701699618453
subject_discrimination,-0.0419701699618453
f309,-0.0419701699618453
originally_admit,-0.0419701699618453
sandwich,-0.0419701699618453
entrance,-0.0419701699618453
blood_clot,-0.0419701699618453
entrust_licensee,-0.0419701699618453
window,-0.04162330905306972
voucher,-0.04162330905306972
tired,-0.04162330905306972
abnormality,-0.04162330905306972
advocacy,-0.04162330905306972
television,-0.04162330905306972
care_plan_develop,-0.04162330905306972
book,-0.04162330905306972
3:15_p.m.,-0.04162330905306972
not_want,-0.04162330905306972
6/1/15,-0.04162330905306972
3:50,-0.04162330905306972
maintenance_supervisor,-0.04162330905306972
occupational_therapy,-0.04162330905306972
deteriorate,-0.04162330905306972
website,-0.04162330905306972
low_position,-0.04162330905306972
year_old,-0.04162330905306972
methadone,-0.04162330905306972
cognitively_intact,-0.04162330905306972
's_behalf,-0.04127644814429414
repeatedly,-0.04127644814429414
case_manager,-0.04127644814429414
aforementioned,-0.04127644814429414
east,-0.04127644814429414
fight,-0.04127644814429414
shall_class_b,-0.04127644814429414
noise,-0.04127644814429414
environment_free,-0.04127644814429414
deficiency,-0.04127644814429414
corridor,-0.04127644814429414
palsy,-0.04127644814429414
base_comprehensive,-0.04127644814429414
1:45_p.m.,-0.04127644814429414
avoidable,-0.04127644814429414
circulation,-0.04127644814429414
shut,-0.04092958723551856
foam,-0.04092958723551856
sustain_laceration,-0.04092958723551856
mite,-0.04092958723551856
health_improve,-0.04092958723551856
side,-0.04092958723551856
extra,-0.04092958723551856
security_constitute,-0.04092958723551856
woman,-0.04092958723551856
respiratory_failure,-0.04092958723551856
local_law,-0.04092958723551856
register_nurse_rn,-0.04092958723551856
33,-0.04092958723551856
copd,-0.04092958723551856
psychologist,-0.04092958723551856
10:40,-0.04092958723551856
facility_investigate_complaint,-0.04058272632674298
assistive_device,-0.04058272632674298
dressing_change,-0.04058272632674298
auditor,-0.04058272632674298
200,-0.04058272632674298
unwitnessed_fall,-0.04058272632674298
orally,-0.04058272632674298
incident_alleged,-0.04058272632674298
licensed_personnel,-0.04058272632674298
consist,-0.04058272632674298
potassium,-0.04058272632674298
impact,-0.04058272632674298
milk,-0.04058272632674298
7:30_a.m.,-0.04058272632674298
client?s,-0.04058272632674298
deficient_practice_result,-0.04058272632674298
wander_guard,-0.04058272632674298
april_8,-0.04058272632674298
limb,-0.04058272632674298
72529,-0.04058272632674298
rnc,-0.04058272632674298
legislature_person,-0.04058272632674298
dizziness,-0.04058272632674298
cannula,-0.04058272632674298
sunday,-0.04023586541796739
fee,-0.04023586541796739
itch,-0.04023586541796739
traumatic,-0.04023586541796739
laboratory_result,-0.04023586541796739
hyperglycemia,-0.04023586541796739
j,-0.04023586541796739
listen,-0.04023586541796739
semi,-0.04023586541796739
foul,-0.04023586541796739
7:00,-0.04023586541796739
po,-0.04023586541796739
longer_need_service,-0.04023586541796739
waste,-0.04023586541796739
control_account,-0.04023586541796739
cervical,-0.04023586541796739
11:40,-0.04023586541796739
e.,-0.04023586541796739
baclofen,-0.03988900450919181
9:45_a.m.,-0.03988900450919181
48,-0.03988900450919181
mandate_reporter,-0.03988900450919181
slowly,-0.03988900450919181
8:15,-0.03988900450919181
resolve,-0.03988900450919181
sight,-0.03988900450919181
necrotic,-0.03988900450919181
support_voucher,-0.03988900450919181
result_bodily,-0.03988900450919181
cue,-0.03988900450919181
pink,-0.03988900450919181
unauthorized,-0.03988900450919181
receipt_expenditure,-0.03988900450919181
ask_happen,-0.03954214360041623
emergency_medical,-0.03954214360041623
911_call,-0.03954214360041623
investigative_report,-0.03954214360041623
notify_attend,-0.03954214360041623
bipolar,-0.03954214360041623
rub,-0.03954214360041623
stat,-0.03954214360041623
anger,-0.03954214360041623
dietitian,-0.03954214360041623
operative,-0.03954214360041623
job_description,-0.03954214360041623
4:15,-0.03954214360041623
actually,-0.03954214360041623
supplier,-0.03954214360041623
diff,-0.03954214360041623
onsite,-0.03954214360041623
law_established,-0.03919528269164065
x_ray_result,-0.03919528269164065
2:50_p.m.,-0.03919528269164065
non_compliance,-0.03919528269164065
nurse_practitioner,-0.03919528269164065
source_misappropriation,-0.03919528269164065
10:15_a.m.,-0.03919528269164065
intellectual_disability,-0.03919528269164065
overdose,-0.03919528269164065
nourishment,-0.03919528269164065
underlie,-0.03919528269164065
12:20,-0.03919528269164065
mechanical_soft,-0.03919528269164065
heat,-0.03919528269164065
standing,-0.03919528269164065
gown,-0.03919528269164065
t22_div5,-0.03919528269164065
gram,-0.03919528269164065
skull,-0.03919528269164065
shall_maintain,-0.03919528269164065
syndrome,-0.03919528269164065
drive,-0.03884842178286507
wipe,-0.03884842178286507
congestive,-0.03884842178286507
march_9,-0.03884842178286507
facility?s_policy_procedure,-0.03884842178286507
77,-0.03884842178286507
safety_awareness,-0.03884842178286507
parkinson,-0.03884842178286507
have_developmental,-0.03884842178286507
4:45,-0.03884842178286507
11:50,-0.03884842178286507
chest_compression,-0.03884842178286507
educate,-0.03884842178286507
alter_mental,-0.03850156087408949
ventilation,-0.03850156087408949
personnel_file,-0.03850156087408949
valve,-0.03850156087408949
8),-0.03850156087408949
need_improve,-0.03850156087408949
2006,-0.03850156087408949
money_trust,-0.03850156087408949
sustain_fracture,-0.03850156087408949
1:50,-0.03850156087408949
atrial,-0.03850156087408949
distance,-0.03850156087408949
uncomfortable,-0.03850156087408949
9:20,-0.03850156087408949
30_day_notice,-0.03850156087408949
affair,-0.03850156087408949
calorie,-0.03850156087408949
victim,-0.03815469996531391
catheterization,-0.03815469996531391
creatinine,-0.03815469996531391
glass,-0.03815469996531391
volume,-0.03815469996531391
coma,-0.03815469996531391
observation_concurrent,-0.03815469996531391
drawing_account,-0.03815469996531391
facility_cease,-0.03815469996531391
4:00,-0.03815469996531391
engage,-0.03815469996531391
bony,-0.03815469996531391
ct_scan,-0.03815469996531391
dentist,-0.037807839056538325
ger,-0.037807839056538325
11:15_a.m.,-0.037807839056538325
false,-0.037807839056538325
impression,-0.037807839056538325
plate,-0.037807839056538325
incision,-0.037807839056538325
free_harm,-0.037807839056538325
green,-0.037807839056538325
recurrent,-0.037807839056538325
entity_report,-0.037807839056538325
lethargic,-0.037807839056538325
intake_output,-0.037460978147762745
foreign,-0.037460978147762745
acetaminophen,-0.037460978147762745
11:20,-0.037460978147762745
"$_20,000",-0.037460978147762745
nurse_assistant,-0.037460978147762745
commence,-0.037460978147762745
10:10,-0.037460978147762745
11/28/16,-0.037460978147762745
fibrillation,-0.037460978147762745
95,-0.037460978147762745
equip,-0.037460978147762745
2.5,-0.037460978147762745
left_knee,-0.037460978147762745
amputation,-0.037460978147762745
left_buttock,-0.037460978147762745
4:20,-0.037460978147762745
interview_o_ad,-0.037460978147762745
department_receive_complaint,-0.037114117238987165
continue_monitor,-0.037114117238987165
environmental,-0.037114117238987165
noon,-0.037114117238987165
insertion,-0.037114117238987165
300,-0.037114117238987165
restless,-0.037114117238987165
dignity_respect,-0.037114117238987165
pcp,-0.037114117238987165
dysphagia_difficulty,-0.037114117238987165
coordinate,-0.037114117238987165
preventive,-0.037114117238987165
extensive_assistance,-0.037114117238987165
fentanyl,-0.037114117238987165
house_manager,-0.036767256330211585
swing,-0.036767256330211585
9:10,-0.036767256330211585
december_11,-0.036767256330211585
living_adl,-0.036767256330211585
stage_iv,-0.036767256330211585
state_law_established,-0.036767256330211585
55,-0.036767256330211585
hypoglycemia,-0.036767256330211585
contain_documentation,-0.036767256330211585
registry,-0.036767256330211585
bear,-0.036767256330211585
section_shall,-0.036767256330211585
dermatologist,-0.036767256330211585
activate,-0.036767256330211585
ab,-0.036767256330211585
gauze,-0.036420395421436005
supervised,-0.036420395421436005
slightly,-0.036420395421436005
council,-0.036420395421436005
physician?s_order_date,-0.036420395421436005
nausea_vomiting,-0.036420395421436005
anxiety_disorder,-0.036420395421436005
postural,-0.036420395421436005
gastric,-0.036420395421436005
ipp,-0.036420395421436005
's_business_account,-0.036420395421436005
anxious,-0.036420395421436005
code_blue,-0.036420395421436005
ensure_safe,-0.036420395421436005
tracking,-0.036420395421436005
chronic_obstructive,-0.036420395421436005
outcome,-0.036420395421436005
term_health,-0.036420395421436005
dislocation,-0.036420395421436005
term_care,-0.036420395421436005
3:45_p.m.,-0.036420395421436005
transmission,-0.036420395421436005
cardiac_arrest,-0.036420395421436005
dph,-0.036420395421436005
1:10,-0.036420395421436005
right_elbow,-0.036420395421436005
care_plan_initiate,-0.036420395421436005
depend,-0.036420395421436005
panel,-0.036420395421436005
non_ambulatory,-0.036073534512660425
posterior,-0.036073534512660425
initially_admit,-0.036073534512660425
water_temperature,-0.036073534512660425
hypotension,-0.036073534512660425
washing,-0.036073534512660425
difficulty_walk,-0.036073534512660425
clearly,-0.036073534512660425
don_confirm,-0.036073534512660425
unable_find,-0.036073534512660425
medical_doctor,-0.036073534512660425
sad,-0.036073534512660425
observe_lie,-0.036073534512660425
pertain,-0.036073534512660425
nursing_assistant,-0.036073534512660425
cerebrovascular,-0.036073534512660425
vitamin,-0.036073534512660425
open_wound,-0.035726673603884845
temporary_permanent,-0.035726673603884845
r&b,-0.035726673603884845
hospital_evaluation,-0.035726673603884845
payable,-0.035726673603884845
repositioning,-0.035726673603884845
census,-0.035726673603884845
2:10_p.m.,-0.035726673603884845
tank,-0.035726673603884845
stimulus,-0.035726673603884845
delivery,-0.035726673603884845
fund_nursing_home,-0.035726673603884845
deem,-0.035726673603884845
specifically,-0.035726673603884845
clock,-0.035726673603884845
therefrom,-0.035726673603884845
's_quality_life,-0.035726673603884845
3:10_p.m.,-0.035726673603884845
fund_intent,-0.035726673603884845
progression,-0.035726673603884845
34,-0.035726673603884845
rsr,-0.035726673603884845
initial_assessment,-0.035726673603884845
preference,-0.03537981269510926
oversight,-0.03537981269510926
consistently,-0.03537981269510926
license_vocational,-0.03537981269510926
trip,-0.03537981269510926
timeframe,-0.03537981269510926
pest,-0.03537981269510926
rat,-0.03537981269510926
developmentally,-0.03537981269510926
exchange,-0.03537981269510926
use_physical_restraint,-0.03537981269510926
july_7,-0.03537981269510926
bar,-0.03537981269510926
reassess,-0.03537981269510926
fix,-0.03537981269510926
1418,-0.03537981269510926
depakote,-0.03537981269510926
computer,-0.03537981269510926
capable,-0.03537981269510926
concurrent_observation_interview,-0.03537981269510926
cast,-0.03537981269510926
1:40,-0.03537981269510926
dependence,-0.03503295178633368
formula,-0.03503295178633368
cool,-0.03503295178633368
's_admission_face,-0.03503295178633368
chest_pain,-0.03503295178633368
complex,-0.03503295178633368
cardiopulmonary_resuscitation,-0.03503295178633368
trouble,-0.03503295178633368
clarify,-0.03503295178633368
laxative,-0.03503295178633368
open_area,-0.03503295178633368
breathing_treatment,-0.03503295178633368
compare,-0.03503295178633368
deliberate,-0.03503295178633368
8:55,-0.03503295178633368
evaluation_treatment,-0.03503295178633368
surgically,-0.03503295178633368
