hematoma,0.08699397071490095
correct,0.08699397071490095
12:30,0.08699397071490095
conversation,0.08699397071490095
half,0.08699397071490095
30_day_notice,0.08699397071490095
belonging,0.08699397071490095
excessive,0.08699397071490095
left_hand,0.08699397071490095
verbal_sexual,0.08699397071490095
unsafe,0.08699397071490095
annual,0.08699397071490095
agree,0.08699397071490095
affected,0.08699397071490095
kit,0.08699397071490095
promote,0.08699397071490095
483.12,0.08699397071490095
diabetes_mellitus,0.08785529715762273
submit,0.08785529715762273
exit,0.08785529715762273
device_prevent_accident,0.08785529715762273
stamp,0.08785529715762273
muscle_weakness,0.08785529715762273
daughter,0.08785529715762273
output,0.08785529715762273
class_b,0.08785529715762273
prn,0.08785529715762273
rest,0.08785529715762273
mite,0.08785529715762273
storage,0.08871662360034453
characterize,0.08871662360034453
vomiting,0.08871662360034453
coumadin,0.08871662360034453
surveillance,0.08871662360034453
readmit,0.08871662360034453
speech,0.08871662360034453
maintain_high,0.08871662360034453
thirty,0.08957795004306632
shall_establish,0.08957795004306632
punishment_involuntary_seclusion,0.08957795004306632
need_meet,0.08957795004306632
insert,0.08957795004306632
manual,0.08957795004306632
register_nurse,0.08957795004306632
eligible,0.08957795004306632
cease,0.08957795004306632
sau,0.08957795004306632
hair,0.08957795004306632
longer_need,0.08957795004306632
strike,0.08957795004306632
dead,0.09043927648578812
facility_department_immediately,0.09043927648578812
arrange,0.09043927648578812
title_22,0.09043927648578812
bag,0.09043927648578812
origin,0.09043927648578812
comprehensive_assessment,0.0913006029285099
urinary_tract,0.0913006029285099
late,0.0913006029285099
harm_result,0.0913006029285099
grievance,0.0913006029285099
sink,0.0913006029285099
high_blood,0.0913006029285099
rehabilitation,0.0921619293712317
physician?s_order,0.0921619293712317
stick,0.0921619293712317
conservator,0.0921619293712317
shall_report_incident,0.0921619293712317
nose,0.0921619293712317
mental_psychosocial,0.0921619293712317
distress,0.0921619293712317
soft,0.0921619293712317
lot,0.0921619293712317
itching,0.0921619293712317
pharmacist,0.0921619293712317
accounting,0.0921619293712317
yes,0.0921619293712317
moderately,0.09302325581395349
damage,0.09302325581395349
render,0.09302325581395349
monie_valuable,0.09302325581395349
size,0.09302325581395349
nutrition,0.09302325581395349
deliver,0.09302325581395349
readmission,0.09302325581395349
currently,0.09302325581395349
inability,0.09302325581395349
evaluator,0.09302325581395349
inch,0.09302325581395349
saturation,0.09388458225667529
adverse,0.09388458225667529
50,0.09388458225667529
2:30_p.m.,0.09388458225667529
d.,0.09388458225667529
business_office,0.09388458225667529
demonstrate,0.09388458225667529
fill,0.09388458225667529
minimize,0.09474590869939707
consult,0.09474590869939707
material,0.09474590869939707
federal_regulation,0.09474590869939707
national,0.09474590869939707
benefit,0.09474590869939707
ago,0.09474590869939707
licensing_certification,0.09474590869939707
separate,0.09474590869939707
investigate_allegation,0.09560723514211886
psychiatric,0.09560723514211886
instruct,0.09560723514211886
10:30_a.m.,0.09560723514211886
early,0.09560723514211886
cognitive_skill,0.09560723514211886
cost,0.09560723514211886
mellitus,0.09646856158484066
dinner,0.09646856158484066
posting,0.09646856158484066
auditor,0.09646856158484066
thinking,0.09646856158484066
respect,0.09646856158484066
night_shift,0.09646856158484066
background,0.09646856158484066
blister,0.09646856158484066
recent,0.09732988802756244
slide,0.09732988802756244
article,0.09732988802756244
alert_orient,0.09732988802756244
patio,0.09732988802756244
toe,0.09732988802756244
certified_nurse,0.09819121447028424
suffer,0.09819121447028424
access,0.09819121447028424
expose,0.09819121447028424
seat,0.09819121447028424
attain,0.09819121447028424
abusive,0.09819121447028424
deficient_practice,0.09819121447028424
dignity,0.09819121447028424
medical_director,0.09819121447028424
suspend,0.09819121447028424
safety_code,0.09819121447028424
abdomen,0.09819121447028424
sic,0.09905254091300603
reference,0.09905254091300603
accessible,0.09905254091300603
cash,0.09905254091300603
vital,0.09905254091300603
nurse_note_date,0.09905254091300603
license_nurse,0.09905254091300603
fear,0.09905254091300603
rough,0.09905254091300603
elder,0.09991386735572783
wash,0.09991386735572783
agreement,0.09991386735572783
deficient,0.09991386735572783
hard,0.09991386735572783
motion,0.09991386735572783
adls,0.09991386735572783
completely,0.10077519379844961
alternative,0.10077519379844961
certify_nursing_assistant,0.10077519379844961
old_male,0.10077519379844961
corrective,0.10077519379844961
building,0.10163652024117141
capacity,0.10163652024117141
11:30_a.m.,0.10163652024117141
direct_immediate,0.10163652024117141
belt,0.10163652024117141
ring,0.10163652024117141
bathing,0.10163652024117141
cognitively,0.10163652024117141
hearing,0.10163652024117141
working,0.10163652024117141
nursing_home,0.10163652024117141
task,0.10163652024117141
certified_nursing,0.10163652024117141
unusual,0.10163652024117141
8:30,0.1024978466838932
identification,0.1024978466838932
closure,0.1024978466838932
complain_pain,0.1024978466838932
exhibit,0.1024978466838932
safely,0.10335917312661498
likely,0.10335917312661498
machine,0.10335917312661498
narcotic,0.10335917312661498
state_survey_certification,0.10335917312661498
tray,0.10335917312661498
pulse,0.10335917312661498
cut,0.10335917312661498
investigate_entity,0.10422049956933678
repeat,0.10422049956933678
oral,0.10422049956933678
lose,0.10422049956933678
manage,0.10422049956933678
financial_abuse,0.10422049956933678
investigate_complaint,0.10508182601205857
survey_certification,0.10508182601205857
base_observation_interview,0.10508182601205857
representative_30,0.10508182601205857
restroom,0.10508182601205857
purpose,0.10594315245478036
abrasion,0.10594315245478036
refund,0.10594315245478036
totally_dependent,0.10594315245478036
discontinue,0.10594315245478036
constitute,0.10594315245478036
aid,0.10594315245478036
exercise,0.10594315245478036
reflect,0.10680447889750215
notify_physician,0.10680447889750215
tear,0.10680447889750215
pend,0.10680447889750215
member_legal,0.10680447889750215
ed,0.10680447889750215
ground,0.10680447889750215
flow,0.10680447889750215
consistent,0.10766580534022395
intellectual,0.10766580534022395
stomach,0.10766580534022395
's_undated_policy,0.10766580534022395
developmental,0.10766580534022395
diagnose,0.10766580534022395
incontinent,0.10766580534022395
scream,0.10766580534022395
department_public,0.10852713178294573
compliance,0.10852713178294573
supervise,0.10852713178294573
seizure,0.10852713178294573
substantial,0.10852713178294573
raise,0.10852713178294573
stroke,0.10852713178294573
therapist,0.10852713178294573
4:30,0.10852713178294573
483.25,0.10938845822566753
illness,0.10938845822566753
written_policy,0.10938845822566753
physician_notify,0.10938845822566753
scratch,0.10938845822566753
refer,0.10938845822566753
and/or_family,0.11024978466838932
allege_abuse,0.11024978466838932
train,0.11024978466838932
probability,0.11024978466838932
daily_decision,0.11024978466838932
safeguard,0.11024978466838932
slap,0.1111111111111111
fahrenheit,0.1111111111111111
cart,0.1111111111111111
ms,0.1111111111111111
surface,0.1111111111111111
force,0.1111111111111111
physically,0.1111111111111111
temporary,0.1119724375538329
diarrhea,0.1119724375538329
page,0.1119724375538329
surveyor,0.1119724375538329
point,0.1119724375538329
protocol,0.1119724375538329
hot_water,0.11283376399655469
cnl,0.11283376399655469
interest,0.11283376399655469
breath,0.11283376399655469
wing,0.11283376399655469
soon,0.11283376399655469
imminent,0.11283376399655469
elimite,0.11283376399655469
serve,0.11369509043927649
staff_development,0.11369509043927649
language,0.11455641688199827
seven_day,0.11455641688199827
sure,0.11455641688199827
properly,0.11455641688199827
include_limited,0.11541774332472007
ml,0.11541774332472007
prescribe,0.11541774332472007
cognition,0.11541774332472007
tract,0.11627906976744186
left_hip,0.11627906976744186
attend_physician,0.11627906976744186
iii,0.11714039621016366
mistreatment_neglect,0.11714039621016366
description,0.11714039621016366
repair,0.11714039621016366
department_immediately,0.11714039621016366
sufficient,0.11714039621016366
forehead,0.11714039621016366
sampled,0.11714039621016366
undated_policy,0.11714039621016366
run,0.11800172265288544
feeling,0.11800172265288544
mandate,0.11800172265288544
suppose,0.11800172265288544
near,0.11800172265288544
swallow,0.11800172265288544
consultant,0.11886304909560723
table,0.11886304909560723
guideline,0.11886304909560723
direct_relationship,0.11886304909560723
confusion,0.11886304909560723
gait,0.11972437553832903
pound,0.11972437553832903
installation_project,0.11972437553832903
proper,0.11972437553832903
paragraph,0.11972437553832903
therapeutic,0.11972437553832903
company,0.12058570198105081
bodily,0.12058570198105081
mental_status,0.12058570198105081
7:30,0.12058570198105081
primary,0.12144702842377261
=,0.12144702842377261
physical_therapy,0.12144702842377261
hire,0.12144702842377261
aide,0.12144702842377261
define,0.12144702842377261
practicable,0.12144702842377261
clear,0.12144702842377261
totally,0.12144702842377261
share,0.12144702842377261
hoyer,0.12144702842377261
long_term_care,0.12144702842377261
reconciliation,0.12144702842377261
mg_dl,0.1223083548664944
reposition,0.1223083548664944
job,0.1223083548664944
9:30,0.1223083548664944
centimeter,0.1223083548664944
positive,0.1223083548664944
knowledge,0.1231696813092162
shower_chair,0.1231696813092162
require_extensive_assistance,0.1231696813092162
board,0.1231696813092162
group,0.12403100775193798
equipment,0.12403100775193798
accept,0.12403100775193798
dental,0.12403100775193798
abuse_corporal,0.12403100775193798
physical_mental,0.12403100775193798
precaution,0.12403100775193798
mark,0.12403100775193798
care_planning,0.12403100775193798
provide_necessary,0.12403100775193798
reach,0.12403100775193798
store,0.12489233419465978
answer,0.12489233419465978
milligram,0.12489233419465978
severely,0.12489233419465978
reconcile,0.12575366063738158
prepare,0.12575366063738158
breathing,0.12575366063738158
dietary,0.12575366063738158
incontinence,0.12661498708010335
communication,0.12661498708010335
designate,0.12661498708010335
admin,0.12661498708010335
threaten,0.12661498708010335
hospitalization,0.12661498708010335
walker,0.12747631352282515
private,0.12747631352282515
unlicensed_staff,0.12747631352282515
surgery,0.12747631352282515
soc,0.12747631352282515
proceed,0.12747631352282515
cell,0.12833763996554695
physician?s,0.12833763996554695
h,0.12833763996554695
skin_rash,0.12833763996554695
past,0.12833763996554695
911,0.12919896640826872
er,0.12919896640826872
deny,0.12919896640826872
notice_propose,0.12919896640826872
construction,0.12919896640826872
spread,0.13006029285099052
specify,0.13092161929371232
abnormal,0.13092161929371232
recommend,0.13092161929371232
adl,0.13092161929371232
schizophrenia,0.13092161929371232
wheel,0.13178294573643412
log,0.1326442721791559
old_female,0.1326442721791559
automatic,0.1326442721791559
redness,0.1326442721791559
bleed,0.1335055986218777
comply,0.1335055986218777
interdisciplinary_team,0.1343669250645995
cpr,0.1343669250645995
functional,0.1343669250645995
transition,0.1343669250645995
coordinator,0.1343669250645995
catheter,0.1343669250645995
feed,0.1343669250645995
delay,0.1343669250645995
orient,0.1343669250645995
van,0.1343669250645995
standardized_assessment,0.13522825150732126
concurrent_interview,0.13522825150732126
care_screening,0.13522825150732126
operation,0.13522825150732126
limit,0.13522825150732126
tour,0.13522825150732126
valuable,0.13522825150732126
throw,0.13608957795004306
unlicensed,0.13608957795004306
site,0.13608957795004306
3:30,0.13608957795004306
bed_rail,0.13608957795004306
reduce,0.13695090439276486
alleged_violation,0.13695090439276486
2:45,0.13695090439276486
expect,0.13695090439276486
sound,0.13781223083548666
bad,0.13781223083548666
nursing_service,0.13781223083548666
bowel,0.13781223083548666
s,0.13781223083548666
diabetes,0.13867355727820843
verbal_abuse,0.13867355727820843
ia,0.13867355727820843
hazard_possible,0.13867355727820843
antibiotic,0.13867355727820843
o_ad,0.13867355727820843
decline,0.13953488372093023
safety_security_patient,0.13953488372093023
kidney,0.13953488372093023
cry,0.14039621016365203
wall,0.14039621016365203
thigh,0.14039621016365203
purchase,0.14039621016365203
friend,0.14039621016365203
lunch,0.14039621016365203
administrator_adm,0.14039621016365203
history_physical,0.14039621016365203
approval,0.14125753660637383
dehydration,0.14125753660637383
situation,0.1421188630490956
environment_remain,0.1421188630490956
punishment_involuntary,0.1421188630490956
director_nursing_don,0.1421188630490956
ownership,0.1421188630490956
question,0.1429801894918174
effect,0.1429801894918174
offer,0.1438415159345392
11:30,0.1438415159345392
inappropriate,0.14556416881998277
watch,0.14556416881998277
wait,0.14556416881998277
laboratory,0.14556416881998277
consider,0.14556416881998277
progress_note_date,0.14642549526270457
smoke,0.14728682170542637
authorize,0.14728682170542637
registered_nurse,0.14728682170542637
danger,0.14728682170542637
1:30,0.14728682170542637
people,0.14728682170542637
owner,0.14728682170542637
corporal,0.14814814814814814
receipt,0.14814814814814814
visitor,0.14814814814814814
register,0.14814814814814814
licensee,0.14814814814814814
alleged_abuse,0.14900947459086994
worker,0.14900947459086994
sign_symptom,0.14900947459086994
100,0.14900947459086994
fax,0.14900947459086994
wrist,0.14900947459086994
hypertension,0.14900947459086994
ot,0.14900947459086994
depression,0.14900947459086994
12/9/15,0.14900947459086994
propose,0.14987080103359174
unannounced_visit_facility,0.14987080103359174
change_condition,0.14987080103359174
withdrawal,0.14987080103359174
add,0.14987080103359174
high_risk,0.1507321274763135
10:30,0.1507321274763135
small,0.1507321274763135
timely,0.1507321274763135
subject,0.1507321274763135
relocation,0.1507321274763135
iv,0.1507321274763135
2:30,0.1507321274763135
ledger,0.1515934539190353
device_prevent,0.1515934539190353
consent,0.1515934539190353
official,0.1515934539190353
effective,0.1515934539190353
alzheimer,0.1524547803617571
verbally,0.1524547803617571
promptly,0.1524547803617571
experience,0.1533161068044789
licensed_vocational_nurse,0.1533161068044789
emergency_room,0.1533161068044789
facility_endanger,0.1533161068044789
scale,0.15417743324720068
moderate,0.15417743324720068
acute_care_hospital,0.15503875968992248
enforcement,0.15503875968992248
behavioral,0.15503875968992248
pharmacy,0.15503875968992248
diet,0.15503875968992248
document_title,0.15590008613264428
instruction,0.15590008613264428
joint,0.15590008613264428
rate,0.15676141257536608
inside,0.15676141257536608
supervision_assistance,0.15676141257536608
extremity,0.15676141257536608
failure_result,0.15676141257536608
transport,0.15676141257536608
evening,0.15762273901808785
previous,0.15762273901808785
california_department,0.15762273901808785
presence,0.15848406546080965
develop_implement,0.15848406546080965
thoroughly,0.15934539190353145
bring,0.15934539190353145
suspect_abuse,0.15934539190353145
personnel,0.15934539190353145
disclose,0.16020671834625322
facility?s_policy,0.16106804478897502
large,0.16106804478897502
entry,0.16106804478897502
way,0.16192937123169682
additional,0.16279069767441862
hurt,0.1636520241171404
appear,0.1645133505598622
intact,0.1645133505598622
endanger,0.1645133505598622
medication_administration,0.1645133505598622
protection,0.165374677002584
punishment,0.165374677002584
mechanical,0.165374677002584
live,0.16623600344530576
dose,0.16709732988802756
usually,0.16709732988802756
bladder,0.16709732988802756
xxxxxxx,0.16795865633074936
improve,0.16795865633074936
talk,0.16795865633074936
psychosocial,0.16881998277347116
receive_adequate,0.16881998277347116
air,0.16881998277347116
duty,0.16881998277347116
sling,0.16881998277347116
assault,0.16968130921619293
cdph,0.16968130921619293
trauma,0.16968130921619293
2008,0.17054263565891473
recommendation,0.17054263565891473
weekly,0.17054263565891473
tablet,0.17054263565891473
grab,0.17140396210163653
lung,0.17226528854435832
adon,0.17226528854435832
impairment,0.17226528854435832
withdraw,0.17226528854435832
prohibit,0.17226528854435832
lead,0.17226528854435832
different,0.17226528854435832
reside,0.17226528854435832
t,0.1731266149870801
wear,0.1731266149870801
kitchen,0.1731266149870801
outbreak,0.1731266149870801
manner,0.1739879414298019
fall_risk,0.1739879414298019
longer,0.1739879414298019
emotional,0.1739879414298019
decrease,0.1739879414298019
violate,0.1739879414298019
cream,0.1739879414298019
mood,0.1739879414298019
free_accident,0.1748492678725237
committee,0.1748492678725237
ii,0.17571059431524547
elopement,0.17571059431524547
movement,0.17571059431524547
base_observation,0.17571059431524547
specific,0.17657192075796727
step,0.17657192075796727
seclusion,0.17657192075796727
mean,0.17743324720068906
screening,0.17743324720068906
federal,0.17829457364341086
facility_fail_implement,0.17829457364341086
qidp,0.17829457364341086
2009,0.17829457364341086
twice,0.17829457364341086
doctor,0.17829457364341086
making,0.17915590008613264
activity_daily,0.17915590008613264
g,0.17915590008613264
discoloration,0.17915590008613264
signature,0.17915590008613264
face_sheet,0.17915590008613264
sleep,0.18001722652885443
upset,0.18001722652885443
aggressive,0.18087855297157623
poor,0.181739879414298
buttock,0.181739879414298
administrative,0.181739879414298
citation,0.1826012058570198
dl,0.1826012058570198
issue,0.1826012058570198
maintenance,0.1834625322997416
registered,0.1834625322997416
communicate,0.1834625322997416
intake,0.1843238587424634
assessment_tool,0.1843238587424634
medi,0.1843238587424634
infection_control,0.18518518518518517
brief,0.18518518518518517
public_health,0.18518518518518517
bed_mobility,0.18518518518518517
recall,0.18518518518518517
mattress,0.18604651162790697
advance,0.18604651162790697
appeal,0.18604651162790697
red,0.18604651162790697
remember,0.18604651162790697
responsibility,0.18604651162790697
admission_record,0.18690783807062877
deposit,0.18690783807062877
goal,0.18690783807062877
copy,0.18690783807062877
push,0.18690783807062877
respiratory,0.18863049095607234
cal,0.18863049095607234
short,0.18863049095607234
aa,0.18863049095607234
standard,0.18863049095607234
rd,0.18863049095607234
blood_sugar,0.18949181739879414
bedside,0.18949181739879414
written,0.18949181739879414
standardized,0.19035314384151594
disability,0.19035314384151594
lack,0.19035314384151594
monthly,0.19121447028423771
dining_room,0.19121447028423771
miss,0.19121447028423771
laceration,0.1920757967269595
urine,0.1920757967269595
location,0.1920757967269595
occurrence,0.1929371231696813
evaluate,0.1929371231696813
isolation,0.1937984496124031
center,0.1937984496124031
shoulder,0.1937984496124031
placement,0.19465977605512488
period,0.19552110249784668
act,0.19552110249784668
supply,0.19552110249784668
good,0.19638242894056848
break,0.19638242894056848
pull,0.19638242894056848
arrive,0.19724375538329025
update,0.19724375538329025
acknowledge,0.19810508182601205
touch,0.19810508182601205
read,0.19896640826873385
responsible_party,0.19982773471145565
hygiene,0.19982773471145565
keep,0.19982773471145565
secure,0.20068906115417742
make,0.20068906115417742
medicare,0.20068906115417742
quarterly,0.20068906115417742
episode,0.20068906115417742
entity,0.20155038759689922
require_extensive,0.20155038759689922
designee,0.20155038759689922
reporting,0.20155038759689922
wander,0.20155038759689922
urinary,0.20155038759689922
medicaid,0.20241171403962102
class,0.20241171403962102
licensing,0.20241171403962102
permit,0.20327304048234282
chest,0.20327304048234282
b.,0.2041343669250646
acute_hospital,0.2041343669250646
altercation,0.2058570198105082
skilled_nursing_facility,0.20671834625322996
letter,0.20757967269595176
42,0.20757967269595176
a?s,0.20757967269595176
business,0.20844099913867356
response,0.20930232558139536
explain,0.21016365202411713
end,0.21016365202411713
significant,0.21016365202411713
certified,0.21102497846683893
notification,0.21188630490956073
neck,0.21188630490956073
c.,0.2127476313522825
documented_evidence,0.2127476313522825
pass,0.2136089577950043
source,0.2136089577950043
planning,0.2144702842377261
review_clinical_record,0.2144702842377261
pressure_sore,0.2153316106804479
dry,0.21705426356589147
welfare,0.21791559000861327
restraint,0.21877691645133507
difficulty,0.21877691645133507
fail_implement,0.21877691645133507
abuse_prevention,0.22049956933677864
manager,0.22136089577950044
right_free,0.22136089577950044
handle,0.2222222222222222
meal,0.2222222222222222
x_ray,0.2222222222222222
professional,0.223083548664944
cfr,0.223083548664944
hot,0.223083548664944
enter,0.223083548664944
item,0.223083548664944
adult,0.2239448751076658
locate,0.2239448751076658
monie,0.2239448751076658
establish,0.2248062015503876
skill,0.22652885443583118
current,0.22652885443583118
roommate,0.22652885443583118
knee,0.22652885443583118
weakness,0.22825150732127478
legal,0.22825150732127478
reasonable,0.22911283376399655
lie,0.22911283376399655
finger,0.22911283376399655
mouth,0.22911283376399655
monitoring,0.22911283376399655
initial,0.22911283376399655
approach,0.22997416020671835
readmitt,0.23083548664944015
licensed_vocational,0.23083548664944015
charge_nurse,0.23083548664944015
injury_unknown,0.23169681309216192
respond,0.23169681309216192
eat,0.23255813953488372
26,0.23255813953488372
stop,0.23428079242032732
chronic,0.2351421188630491
case,0.2351421188630491
affect,0.2360034453057709
muscle,0.2360034453057709
quality,0.2360034453057709
yell,0.2368647717484927
o,0.2368647717484927
type,0.23772609819121446
finding,0.23772609819121446
interdisciplinary,0.23858742463393626
burn,0.23944875107665806
blood_pressure,0.23944875107665806
addition,0.24117140396210163
discuss,0.24203273040482343
function,0.24203273040482343
hallway,0.24289405684754523
male,0.24375538329026702
list,0.24375538329026702
move,0.2446167097329888
25,0.2454780361757106
assign,0.2454780361757106
begin,0.24720068906115417
range,0.24806201550387597
insulin,0.24892334194659776
support,0.24892334194659776
medical_record,0.24978466838931956
concern,0.24978466838931956
allow,0.25064599483204136
tissue,0.25150732127476316
financial,0.25150732127476316
heel,0.2523686477174849
development,0.2523686477174849
allegation_abuse,0.2532299741602067
report_allegation,0.2532299741602067
clean,0.2540913006029285
write_notice,0.2540913006029285
file,0.2549526270456503
drug,0.2549526270456503
27,0.2558139534883721
position,0.2558139534883721
31,0.2566752799310939
normal,0.2575366063738157
eye,0.25839793281653745
mar,0.25839793281653745
fm,0.25925925925925924
requirement,0.25925925925925924
ray,0.25925925925925924
tool_date,0.26098191214470284
look,0.26098191214470284
self,0.26098191214470284
event,0.26184323858742464
cover,0.26184323858742464
immediate_relationship,0.26270456503014644
fluid,0.26270456503014644
smoking,0.26270456503014644
process,0.26442721791559
away,0.26442721791559
comprehensive,0.26442721791559
documented,0.2670111972437554
stand,0.2678725236864772
pay,0.2678725236864772
life,0.268733850129199
attend,0.2695951765719208
vocational,0.2695951765719208
summary,0.2713178294573643
police,0.2721791559000861
impair,0.2730404823428079
practice,0.2730404823428079
contain,0.2739018087855297
rail,0.2756244616709733
limited,0.27648578811369506
exploitation,0.27648578811369506
station,0.27734711455641686
outside,0.27906976744186046
party,0.27906976744186046
seven,0.27993109388458226
general,0.27993109388458226
hazard,0.28165374677002586
sugar,0.28165374677002586
unannounced_visit,0.28165374677002586
dining,0.28251507321274766
revise,0.28251507321274766
score,0.285099052540913
fire,0.2868217054263566
local,0.2868217054263566
heart,0.2885443583118002
brain,0.2885443583118002
23,0.29026701119724374
verify,0.29026701119724374
light,0.29026701119724374
female,0.29198966408268734
schedule,0.29457364341085274
bank,0.29457364341085274
close,0.29457364341085274
multiple,0.29457364341085274
unknown,0.2954349698535745
dressing,0.2962962962962963
dependent,0.2962962962962963
involuntary,0.2971576227390181
stage,0.2971576227390181
18,0.2971576227390181
certify_nursing,0.2971576227390181
bed_hold,0.2971576227390181
tube,0.2997416020671835
morning,0.3006029285099053
upper,0.301464254952627
assistant_cna,0.301464254952627
think,0.3023255813953488
ombudsman,0.3023255813953488
patient?s,0.3031869078380706
pt,0.3040482342807924
anxiety,0.3049095607235142
living,0.3049095607235142
phone,0.3049095607235142
describe,0.305770887166236
safety_security,0.305770887166236
28,0.3066322136089578
meeting,0.3066322136089578
speak,0.31266149870801035
team,0.3143841515934539
extensive,0.3143841515934539
ad,0.3143841515934539
test,0.3152454780361757
oxygen,0.3152454780361757
alert,0.3152454780361757
relationship_health,0.3152454780361757
therapy,0.3161068044788975
foot,0.3161068044788975
balance,0.3169681309216193
post,0.3186907838070629
degree,0.3186907838070629
bruise,0.3186907838070629
turn,0.3195521102497847
number,0.3195521102497847
health_safety_security,0.32127476313522824
physician_order,0.32127476313522824
non,0.32213608957795004
allege,0.32385874246339363
sprinkler_system,0.32385874246339363
license,0.32385874246339363
bone,0.32472006890611543
perform,0.32558139534883723
address,0.32558139534883723
survey,0.326442721791559
f,0.3290267011197244
project,0.33161068044788977
mobility,0.3333333333333333
toilet,0.3341946597760551
stay,0.3359173126614987
because,0.3367786391042205
telephone_interview,0.3376399655469423
e,0.3376399655469423
sore,0.3376399655469423
29,0.3376399655469423
policy_procedure_title,0.3385012919896641
complain,0.33936261843238585
training,0.33936261843238585
gach,0.34108527131782945
ability,0.34108527131782945
refuse,0.34194659776055125
witness,0.34280792420327305
set_md,0.34366925064599485
apply,0.34366925064599485
action,0.34366925064599485
certification,0.3453919035314384
minute,0.3453919035314384
second,0.347114556416882
have,0.3479758828596038
concurrent,0.3488372093023256
idt,0.3496985357450474
later,0.3505598621877692
director_nursing,0.35142118863049093
acute_care,0.35228251507321273
try,0.35228251507321273
like,0.35314384151593453
obtain,0.35658914728682173
management,0.35658914728682173
memory,0.35658914728682173
be,0.35745047372954347
administration,0.35831180017226527
certify,0.35917312661498707
weight,0.35917312661498707
trust_account,0.36003445305770887
rp,0.36089577950043067
protect,0.363479758828596
initiate,0.363479758828596
installation,0.3643410852713178
chair,0.3660637381567614
supervisor,0.367786391042205
undated,0.3686477174849268
21,0.37037037037037035
abuse_neglect,0.37123169681309215
a.,0.37295434969853575
environment,0.37295434969853575
staff_member,0.37467700258397935
licensed_nurse,0.37553832902670115
night,0.3763996554694229
money,0.3798449612403101
skilled_nursing,0.3832902670111972
open,0.3858742463393626
following,0.3858742463393626
symptom,0.3867355727820844
evaluation,0.3867355727820844
start,0.3875968992248062
social_service,0.3875968992248062
door,0.38931955211024977
dsd,0.39104220499569337
remain,0.39276485788113696
determine,0.39362618432385876
cognitive,0.39362618432385876
alarm,0.39362618432385876
bathroom,0.3944875107665805
death,0.3944875107665805
get,0.3996554694229113
personal,0.40482342807924204
sit,0.40568475452196384
severe,0.40568475452196384
total,0.40654608096468564
measure,0.40654608096468564
happen,0.4074074074074074
adequate,0.4082687338501292
sexual,0.409130060292851
relate,0.409130060292851
long_term,0.409130060292851
november,0.4117140396210164
charge,0.4117140396210164
contact,0.4117140396210164
1?s,0.4134366925064599
code,0.4134366925064599
present,0.4168819982773471
dementia,0.4177433247200689
hear,0.4177433247200689
hip,0.4177433247200689
30_day,0.4186046511627907
remove,0.41946597760551246
interview_conduct,0.41946597760551246
understand,0.41946597760551246
send,0.42032730404823426
sustain,0.42204995693367786
unannounced,0.42204995693367786
approximately,0.42291128337639966
rash,0.42377260981912146
harm,0.425495262704565
confirm,0.425495262704565
increase,0.4263565891472868
suspect,0.4272179155900086
attempt,0.4280792420327304
misappropriation,0.4280792420327304
old,0.4280792420327304
property,0.4289405684754522
week,0.4315245478036176
bom,0.4315245478036176
safe,0.43324720068906114
trust_fund,0.43324720068906114
17,0.43496985357450474
19,0.43583118001722654
mistreatment,0.43583118001722654
aware,0.4384151593453919
reveal,0.4409991386735573
information,0.4418604651162791
regulation,0.4435831180017227
skilled,0.4444444444444444
and/or,0.4444444444444444
accordance,0.4470284237726098
month,0.4487510766580534
administer,0.4487510766580534
minimum_datum,0.45219638242894056
shower,0.45219638242894056
scabie,0.45219638242894056
violation_direct,0.45564168819982775
september,0.45564168819982775
16,0.45564168819982775
california,0.4573643410852713
lift,0.4573643410852713
unable,0.4590869939707149
continue,0.4599483204134367
x,0.4608096468561585
home,0.4616709732988803
available,0.46511627906976744
january,0.46770025839793283
complaint,0.46770025839793283
temperature,0.46856158484065463
office,0.4702842377260982
feel,0.4702842377260982
public,0.47114556416882
cm,0.4728682170542636
2010,0.4737295434969854
complete,0.47459086993970717
d,0.4763135228251507
pressure_ulcer,0.4771748492678725
$,0.4780361757105943
prevention,0.4780361757105943
necessary,0.4780361757105943
possible,0.4797588285960379
loss,0.48148148148148145
progress_note,0.48234280792420325
request,0.48492678725236865
resident?s,0.48751076658053405
february,0.4900947459086994
occur,0.491817398794143
device,0.4926787252368648
dcs,0.49440137812230833
treat,0.49612403100775193
responsible,0.49698535745047373
22,0.49784668389319553
potential,0.49956933677863913
leg,0.49956933677863913
involve,0.5030146425495263
walk,0.5064599483204134
decision,0.5073212747631353
help,0.5116279069767442
status,0.5133505598621878
want,0.5150732127476314
tool,0.5159345391903531
report_incident,0.5159345391903531
law,0.5176571920757967
meet,0.5176571920757967
problem,0.5185185185185185
immediate,0.5185185185185185
evidence,0.5193798449612403
note_date,0.5219638242894057
statement,0.5228251507321274
sprinkler,0.5228251507321274
reason,0.5262704565030146
20,0.5279931093884582
year,0.5279931093884582
march,0.5366063738156761
see,0.537467700258398
24_hour,0.5383290267011197
arm,0.5383290267011197
family_member,0.5391903531438416
verbal,0.5400516795865633
sheet,0.5426356589147286
appropriate,0.5443583118001722
agency,0.5460809646856158
facility_fail_ensure,0.5478036175710594
base,0.5529715762273901
representative,0.5555555555555556
history,0.5564168819982773
wound,0.5581395348837209
maintain,0.5590008613264428
food,0.5607235142118863
14,0.5641688199827735
program,0.5650301464254953
hit,0.5727820844099913
december,0.5753660637381568
new,0.5813953488372093
facility?s,0.5839793281653747
datum,0.5848406546080964
august,0.590869939707149
health_safety,0.5943152454780362
cause,0.5943152454780362
alleged,0.5960378983634798
water,0.5960378983634798
april,0.6003445305770887
come,0.602928509905254
fracture,0.6046511627906976
head,0.6072351421188631
july,0.615848406546081
face,0.615848406546081
telephone,0.615848406546081
low,0.6175710594315246
return,0.6227390180878553
disorder,0.6227390180878553
accident,0.6236003445305771
emergency,0.6236003445305771
term,0.6261843238587425
individual,0.6296296296296297
2011,0.6304909560723514
identify,0.632213608957795
june,0.6339362618432386
level,0.6356589147286822
shift,0.6356589147286822
assist,0.6373815676141258
body,0.6373815676141258
system,0.6408268733850129
not,0.6425495262704565
social,0.648578811369509
disease,0.6503014642549526
monitor,0.6537467700258398
unit,0.6537467700258398
develop,0.6546080964685616
set,0.6563307493540051
13,0.6597760551248923
minimum,0.6623600344530577
2012,0.6632213608957795
diagnosis_include,0.664944013781223
progress,0.6701119724375538
form,0.6718346253229974
fail_ensure,0.673557278208441
able,0.6813092161929372
work,0.6881998277347114
inform,0.6890611541774333
visit,0.689922480620155
prior,0.6907838070628768
assess,0.6933677863910422
15,0.6959517657192076
floor,0.6976744186046512
hold,0.7002583979328165
neglect,0.7054263565891473
supervision,0.7080103359173127
section,0.7166236003445305
long,0.7252368647717485
c,0.7260981912144703
ulcer,0.726959517657192
high,0.7278208440999139
sign,0.7312661498708011
assistant,0.7321274763135228
control,0.7329888027562446
intervention,0.7347114556416882
call,0.73557278208441
2017,0.739879414298019
fund,0.7424633936261843
mg,0.7476313522825151
find,0.7484926787252368
2014,0.7579672695951766
october,0.7596899224806202
infection,0.7614125753660638
documentation,0.7751937984496124
take,0.7769164513350559
investigate,0.781223083548665
hand,0.7829457364341085
condition,0.7846683893195521
immediately,0.7855297157622739
relationship,0.7872523686477175
12,0.7915590008613265
observation,0.7932816537467701
free,0.7967269595176572
clinical_record,0.8036175710594315
observe,0.8217054263565892
2016,0.8234280792420328
adm,0.8251507321274764
go,0.8397932816537468
know,0.8440999138673557
licensed,0.8440999138673557
person,0.8484065460809647
activity,0.8535745047372955
ssd,0.8578811369509044
security,0.8604651162790697
implement,0.8664944013781223
mental,0.8725236864771748
medical,0.8751076658053403
acute,0.8768303186907838
admission,0.880275624461671
area,0.8871662360034454
daily,0.8871662360034454
accord,0.8897502153316107
transfer_discharge,0.8897502153316107
11,0.9000861326442722
show,0.9130060292850991
snf,0.9181739879414298
behavior,0.9414298018949182
8,0.9414298018949182
say,0.9440137812230835
2015,0.9474590869939707
9,0.9491817398794143
wheelchair,0.9534883720930233
give,0.9638242894056848
notify,0.9776055124892334
place,0.9810508182601206
2013,0.9844961240310077
ln,0.9922480620155039
pm,0.9931093884582257
clinical,0.9939707149009475
employee,0.9939707149009475
30,1.0215331610680447
24,1.0447889750215331
director,1.0499569336778638
care_plan,1.0499569336778638
trust,1.0525409130060293
assistance,1.0568475452196382
7,1.0594315245478036
use,1.066322136089578
injury,1.070628768303187
10,1.082687338501292
direct,1.0844099913867356
member,1.1093884582256675
check,1.1102497846683894
failure,1.111972437553833
left,1.1128337639965546
diagnosis,1.1188630490956073
rn,1.124031007751938
account,1.1326442721791559
write,1.1378122308354865
risk,1.1386735572782085
change,1.1472868217054264
md,1.152454780361757
hospital,1.1670973298880276
notice,1.1748492678725238
prevent,1.194659776055125
tell,1.1963824289405685
treatment,1.2093023255813953
leave,1.2299741602067182
policy_procedure,1.2299741602067182
investigation,1.2351421188630491
violation,1.2420327304048235
blood,1.2540913006029286
6,1.2635658914728682
conduct,1.2721791559000861
family,1.292850990525409
allegation,1.322997416020672
title,1.3255813953488371
admit,1.3341946597760552
follow,1.3583118001722654
skin,1.384151593453919
b,1.438415159345392
pressure,1.450473729543497
document,1.4745908699397072
physical,1.4900947459086995
shall,1.5159345391903531
ask,1.550387596899225
5,1.5546942291128338
department,1.5641688199827735
don,1.578811369509044
safety,1.5796726959517657
require,1.6003445305770887
receive,1.623600344530577
lvn,1.660637381567614
service,1.7209302325581395
assessment,1.7252368647717484
hour,1.731266149870801
need,1.7665805340223946
ensure,1.8690783807062876
procedure,1.9000861326442722
pain,1.9112833763996555
administrator,1.9224806201550388
result,1.934539190353144
order,1.9724375538329026
medication,2.0060292850990527
4,2.008613264427218
time,2.098191214470284
physician,2.103359173126615
fall,2.1076658053402237
health,2.1791559000861325
plan,2.2093023255813953
incident,2.2980189491817398
note,2.3169681309216195
right,2.468561584840655
provide,2.47114556416882
bed,2.4866494401378123
discharge,2.583118001722653
nursing,2.5874246339362617
fail,2.6632213608957795
room,2.6752799310938844
day,2.8432385874246338
nurse,2.863049095607235
3,2.8923341946597763
policy,2.9354005167958657
client,2.96640826873385
a.m.,2.9991386735572783
record,3.027562446167097
include,3.1059431524547803
p.m.,4.013781223083549
report,4.278208440999139
abuse,4.304909560723514
transfer,4.310077519379845
cna,4.795865633074936
care,4.9474590869939705
review,5.265288544358312
staff,5.322997416020672
date,5.329026701119725
interview,5.392764857881137
2,6.406546080964685
indicate,7.174849267872523
patient,9.598621877691645
's,11.020671834625324
state,12.843238587424635
facility,15.194659776055126
1,20.11972437553833
resident,30.77433247200689
